city_address,day_precip,day_precipcover,day_snow,day_windspeed,day_winddir,day_uvindex,hour_temp,hour_humidity,hour_precip,hour_precipprob,hour_snow_h,hour_windspeed,hour_winddir,hour_pressure,hour_visibility,hour_cloudcover,hour_uvindex,hour_datetime,hour_clear,hour_ice,hour_snow_condition,hour_overcast,hour_rain,hour_fog,hour_partially_cloudy,hour_freezing_drizzle_rain,anomaly,alarms,date,text_vector,tg_vector,sun,Engels2,Baltimore,Saki,Belbek,Olenya,Mozdok,Savasleyka,hol_risk
Kyiv,0.0,0.0,0.0,16.2,336.1,8.0,7.5,38.04,0.0,0.0,0.0,7.6,21.2,1021.0,24.1,69.8,0.0,2025-04-27 00:00:00,0,0,0,0,0,0,1,0,,,2025-04-27,,,,,,,,,,
Kyiv,0.0,0.0,0.0,16.2,336.1,8.0,6.7,41.42,0.0,0.0,0.0,3.6,358.9,1022.0,24.1,61.3,0.0,2025-04-27 01:00:00,0,0,0,0,0,0,1,0,,,2025-04-27,,,,,,,,,,
Kyiv,0.0,0.0,0.0,16.2,336.1,8.0,5.8,47.54,0.0,0.0,0.0,4.0,313.7,1022.0,24.1,60.1,0.0,2025-04-27 02:00:00,0,0,0,0,0,0,1,0,,,2025-04-27,,,,,,,,,,
Kyiv,0.0,0.0,0.0,16.2,336.1,8.0,4.2,55.18,0.0,0.0,0.0,6.5,307.1,1022.0,24.1,35.5,0.0,2025-04-27 03:00:00,0,0,0,0,0,0,1,0,,,2025-04-27,,,,,,,,,,
Kyiv,0.0,0.0,0.0,16.2,336.1,8.0,3.7,50.65,0.0,0.0,0.0,9.0,315.1,1023.0,24.1,7.9,0.0,2025-04-27 04:00:00,1,0,0,0,0,0,0,0,,,2025-04-27,,,,,,,,,,
Kyiv,0.0,0.0,0.0,16.2,336.1,8.0,3.1,54.88,0.0,0.0,0.0,10.1,320.5,1023.0,24.1,0.0,0.0,2025-04-27 05:00:00,1,0,0,0,0,0,0,0,,,2025-04-27,,,,,,,,,,
Kyiv,0.0,0.0,0.0,16.2,336.1,8.0,2.5,60.37,0.0,0.0,0.0,10.1,319.5,1024.0,24.1,0.0,0.0,2025-04-27 06:00:00,1,0,0,0,0,0,0,0,,,2025-04-27,,,,,,,,,,
Kyiv,0.0,0.0,0.0,16.2,336.1,8.0,2.7,63.68,0.0,0.0,0.0,11.2,322.6,1025.0,24.1,0.0,1.0,2025-04-27 07:00:00,1,0,0,0,0,0,0,0,,,2025-04-27,,,,,,,,,,
Kyiv,0.0,0.0,0.0,16.2,336.1,8.0,3.8,62.07,0.0,0.0,0.0,12.2,327.6,1025.0,24.1,0.0,2.0,2025-04-27 08:00:00,1,0,0,0,0,0,0,0,,,2025-04-27,,,,,,,,,,
Kyiv,0.0,0.0,0.0,16.2,336.1,8.0,5.3,58.0,0.0,0.0,0.0,12.6,339.9,1026.0,24.1,12.6,4.0,2025-04-27 09:00:00,1,0,0,0,0,0,0,0,,,2025-04-27,,,,,,,,,,
Kyiv,0.0,0.0,0.0,16.2,336.1,8.0,6.7,47.8,0.0,0.0,0.0,14.0,342.2,1026.0,24.1,47.4,6.0,2025-04-27 10:00:00,0,0,0,0,0,0,1,0,,,2025-04-27,,,,,,,,,,
Kyiv,0.0,0.0,0.0,16.2,336.1,8.0,7.7,39.28,0.0,0.0,0.0,15.1,340.4,1026.0,24.1,72.6,7.0,2025-04-27 11:00:00,0,0,0,0,0,0,1,0,,,2025-04-27,,,,,,,,,,
Kyiv,0.0,0.0,0.0,16.2,336.1,8.0,8.7,34.01,0.0,0.0,0.0,15.8,340.8,1026.0,24.1,56.5,8.0,2025-04-27 12:00:00,0,0,0,0,0,0,1,0,,,2025-04-27,,,,,,,,,,
Kyiv,0.0,0.0,0.0,16.2,336.1,8.0,9.3,30.48,0.0,0.0,0.0,16.2,338.4,1026.0,24.1,93.3,8.0,2025-04-27 13:00:00,0,0,0,1,0,0,0,0,,,2025-04-27,,,,,,,,,,
Kyiv,0.0,0.0,0.0,16.2,336.1,8.0,10.3,27.0,0.0,0.0,0.0,16.2,340.1,1026.0,24.1,90.6,8.0,2025-04-27 14:00:00,0,0,0,1,0,0,0,0,,,2025-04-27,,,,,,,,,,
Kyiv,0.0,0.0,0.0,16.2,336.1,8.0,10.6,27.09,0.0,0.0,0.0,15.5,342.6,1026.0,24.1,39.7,8.0,2025-04-27 15:00:00,0,0,0,0,0,0,1,0,,,2025-04-27,,,,,,,,,,
Kyiv,0.0,0.0,0.0,16.2,336.1,8.0,10.8,25.52,0.0,0.0,0.0,14.8,338.4,1026.0,24.1,49.1,7.0,2025-04-27 16:00:00,0,0,0,0,0,0,1,0,,,2025-04-27,,,,,,,,,,
Kyiv,0.0,0.0,0.0,16.2,336.1,8.0,10.7,26.5,0.0,0.0,0.0,14.4,342.4,1026.0,24.1,38.8,5.0,2025-04-27 17:00:00,0,0,0,0,0,0,1,0,,,2025-04-27,,,,,,,,,,
Kyiv,0.0,0.0,0.0,16.2,336.1,8.0,10.3,27.64,0.0,0.0,0.0,12.6,343.2,1026.0,24.1,30.8,4.0,2025-04-27 18:00:00,0,0,0,0,0,0,1,0,,,2025-04-27,,,,,,,,,,
Kyiv,0.0,0.0,0.0,16.2,336.1,8.0,9.6,28.52,0.0,0.0,0.0,11.2,347.9,1027.0,24.1,19.0,2.0,2025-04-27 19:00:00,1,0,0,0,0,0,0,0,,,2025-04-27,,,,,,,,,,
Kyiv,0.0,0.0,0.0,16.2,336.1,8.0,8.5,32.17,0.0,0.0,0.0,7.6,347.3,1028.0,24.1,0.1,1.0,2025-04-27 20:00:00,1,0,0,0,0,0,0,0,,,2025-04-27,,,,,,,,,,
Kyiv,0.0,0.0,0.0,16.2,336.1,8.0,7.2,37.95,0.0,0.0,0.0,5.0,333.6,1029.0,24.1,0.0,0.0,2025-04-27 21:00:00,1,0,0,0,0,0,0,0,,,2025-04-27,,,,,,,,,,
Kyiv,0.0,0.0,0.0,16.2,336.1,8.0,6.3,42.58,0.0,0.0,0.0,3.6,310.3,1029.0,24.1,0.0,0.0,2025-04-27 22:00:00,1,0,0,0,0,0,0,0,,,2025-04-27,,,,,,,,,,
Kyiv,0.0,0.0,0.0,16.2,336.1,8.0,5.2,46.3,0.0,0.0,0.0,3.6,285.2,1030.0,24.1,0.0,0.0,2025-04-27 23:00:00,1,0,0,0,0,0,0,0,,,2025-04-27,,,,,,,,,,
Odesa,0.0,0.0,0.0,19.1,6.3,9.0,13.5,49.02,0.0,0.0,0.0,17.3,24.0,1017.0,24.1,1.7,0.0,2025-04-27 00:00:00,1,0,0,0,0,0,0,0,,,2025-04-27,,,,,,,,,,
Odesa,0.0,0.0,0.0,19.1,6.3,9.0,12.6,49.83,0.0,0.0,0.0,19.1,24.2,1018.0,24.1,0.0,0.0,2025-04-27 01:00:00,1,0,0,0,0,0,0,0,,,2025-04-27,,,,,,,,,,
Odesa,0.0,0.0,0.0,19.1,6.3,9.0,11.7,50.29,0.0,0.0,0.0,18.4,26.0,1019.0,24.1,0.0,0.0,2025-04-27 02:00:00,1,0,0,0,0,0,0,0,,,2025-04-27,,,,,,,,,,
Odesa,0.0,0.0,0.0,19.1,6.3,9.0,10.4,53.66,0.0,0.0,0.0,16.6,26.2,1019.0,24.1,0.0,0.0,2025-04-27 03:00:00,1,0,0,0,0,0,0,0,,,2025-04-27,,,,,,,,,,
Odesa,0.0,0.0,0.0,19.1,6.3,9.0,9.7,54.25,0.0,0.0,0.0,16.2,22.7,1020.0,24.1,0.0,0.0,2025-04-27 04:00:00,1,0,0,0,0,0,0,0,,,2025-04-27,,,,,,,,,,
Odesa,0.0,0.0,0.0,19.1,6.3,9.0,9.1,55.67,0.0,0.0,0.0,15.1,17.9,1020.0,24.1,0.0,0.0,2025-04-27 05:00:00,1,0,0,0,0,0,0,0,,,2025-04-27,,,,,,,,,,
Odesa,0.0,0.0,0.0,19.1,6.3,9.0,8.6,56.35,0.0,0.0,0.0,14.8,10.2,1021.0,24.1,0.0,0.0,2025-04-27 06:00:00,1,0,0,0,0,0,0,0,,,2025-04-27,,,,,,,,,,
Odesa,0.0,0.0,0.0,19.1,6.3,9.0,8.4,56.3,0.0,0.0,0.0,14.4,3.2,1022.0,24.1,0.0,1.0,2025-04-27 07:00:00,1,0,0,0,0,0,0,0,,,2025-04-27,,,,,,,,,,
Odesa,0.0,0.0,0.0,19.1,6.3,9.0,8.8,52.84,0.0,0.0,0.0,14.8,1.8,1023.0,24.1,0.0,2.0,2025-04-27 08:00:00,1,0,0,0,0,0,0,0,,,2025-04-27,,,,,,,,,,
Odesa,0.0,0.0,0.0,19.1,6.3,9.0,9.5,47.2,0.0,0.0,0.0,13.3,1.7,1024.0,24.1,0.0,4.0,2025-04-27 09:00:00,1,0,0,0,0,0,0,0,,,2025-04-27,,,,,,,,,,
Odesa,0.0,0.0,0.0,19.1,6.3,9.0,10.7,39.88,0.0,0.0,0.0,13.0,13.1,1025.0,24.1,0.0,6.0,2025-04-27 10:00:00,1,0,0,0,0,0,0,0,,,2025-04-27,,,,,,,,,,
Odesa,0.0,0.0,0.0,19.1,6.3,9.0,11.7,34.39,0.0,0.0,0.0,14.4,17.9,1025.0,24.1,10.6,7.0,2025-04-27 11:00:00,1,0,0,0,0,0,0,0,,,2025-04-27,,,,,,,,,,
Odesa,0.0,0.0,0.0,19.1,6.3,9.0,12.4,32.35,0.0,0.0,0.0,14.8,15.4,1025.0,24.1,26.1,9.0,2025-04-27 12:00:00,0,0,0,0,0,0,1,0,,,2025-04-27,,,,,,,,,,
Odesa,0.0,0.0,0.0,19.1,6.3,9.0,13.0,31.1,0.0,0.0,0.0,14.8,6.9,1025.0,24.1,33.4,9.0,2025-04-27 13:00:00,0,0,0,0,0,0,1,0,,,2025-04-27,,,,,,,,,,
Odesa,0.0,0.0,0.0,19.1,6.3,9.0,13.5,30.33,0.0,0.0,0.0,13.7,358.9,1025.0,24.1,29.4,9.0,2025-04-27 14:00:00,0,0,0,0,0,0,1,0,,,2025-04-27,,,,,,,,,,
Odesa,0.0,0.0,0.0,19.1,6.3,9.0,14.0,30.25,0.0,0.0,0.0,13.3,350.8,1025.0,24.1,30.5,8.0,2025-04-27 15:00:00,0,0,0,0,0,0,1,0,,,2025-04-27,,,,,,,,,,
Odesa,0.0,0.0,0.0,19.1,6.3,9.0,14.3,30.34,0.0,0.0,0.0,13.3,343.8,1025.0,24.1,30.1,7.0,2025-04-27 16:00:00,0,0,0,0,0,0,1,0,,,2025-04-27,,,,,,,,,,
Odesa,0.0,0.0,0.0,19.1,6.3,9.0,14.4,30.59,0.0,0.0,0.0,13.3,339.0,1025.0,24.1,27.5,6.0,2025-04-27 17:00:00,0,0,0,0,0,0,1,0,,,2025-04-27,,,,,,,,,,
Odesa,0.0,0.0,0.0,19.1,6.3,9.0,14.3,31.72,0.0,0.0,0.0,13.3,336.8,1025.0,24.1,24.8,4.0,2025-04-27 18:00:00,0,0,0,0,0,0,1,0,,,2025-04-27,,,,,,,,,,
Odesa,0.0,0.0,0.0,19.1,6.3,9.0,14.1,31.9,0.0,0.0,0.0,12.6,337.4,1026.0,24.1,23.4,2.0,2025-04-27 19:00:00,0,0,0,0,0,0,1,0,,,2025-04-27,,,,,,,,,,
Odesa,0.0,0.0,0.0,19.1,6.3,9.0,13.6,33.94,0.0,0.0,0.0,10.8,343.4,1027.0,24.1,10.9,0.0,2025-04-27 20:00:00,1,0,0,0,0,0,0,0,,,2025-04-27,,,,,,,,,,
Odesa,0.0,0.0,0.0,19.1,6.3,9.0,13.0,38.26,0.0,0.0,0.0,8.3,349.8,1028.0,24.1,5.3,0.0,2025-04-27 21:00:00,1,0,0,0,0,0,0,0,,,2025-04-27,,,,,,,,,,
Odesa,0.0,0.0,0.0,19.1,6.3,9.0,12.3,42.77,0.0,0.0,0.0,7.2,353.0,1028.0,24.1,0.0,0.0,2025-04-27 22:00:00,1,0,0,0,0,0,0,0,,,2025-04-27,,,,,,,,,,
Odesa,0.0,0.0,0.0,19.1,6.3,9.0,11.6,46.78,0.0,0.0,0.0,9.7,16.0,1028.0,24.1,0.0,0.0,2025-04-27 23:00:00,1,0,0,0,0,0,0,0,,,2025-04-27,,,,,,,,,,
Dnipro,0.0,0.0,0.0,22.7,335.7,9.0,8.7,65.99,0.0,0.0,0.0,9.4,2.4,1017.0,24.1,53.5,0.0,2025-04-27 00:00:00,0,0,0,0,0,0,1,0,,,2025-04-27,,,,,,,,,,
Dnipro,0.0,0.0,0.0,22.7,335.7,9.0,8.0,61.28,0.0,0.0,0.0,12.2,347.0,1017.0,24.1,27.7,0.0,2025-04-27 01:00:00,0,0,0,0,0,0,1,0,,,2025-04-27,,,,,,,,,,
Dnipro,0.0,0.0,0.0,22.7,335.7,9.0,7.5,56.47,0.0,0.0,0.0,12.6,349.1,1017.0,24.1,31.5,0.0,2025-04-27 02:00:00,0,0,0,0,0,0,1,0,,,2025-04-27,,,,,,,,,,
Dnipro,0.0,0.0,0.0,22.7,335.7,9.0,6.1,62.17,0.0,0.0,0.0,11.9,338.2,1017.0,24.1,0.0,0.0,2025-04-27 03:00:00,1,0,0,0,0,0,0,0,,,2025-04-27,,,,,,,,,,
Dnipro,0.0,0.0,0.0,22.7,335.7,9.0,5.3,62.89,0.0,0.0,0.0,12.6,338.4,1017.0,24.1,0.0,0.0,2025-04-27 04:00:00,1,0,0,0,0,0,0,0,,,2025-04-27,,,,,,,,,,
Dnipro,0.0,0.0,0.0,22.7,335.7,9.0,4.5,62.24,0.0,0.0,0.0,12.2,337.5,1018.0,24.1,0.0,0.0,2025-04-27 05:00:00,1,0,0,0,0,0,0,0,,,2025-04-27,,,,,,,,,,
Dnipro,0.0,0.0,0.0,22.7,335.7,9.0,3.8,63.94,0.0,0.0,0.0,11.5,332.5,1018.0,24.1,0.0,0.0,2025-04-27 06:00:00,1,0,0,0,0,0,0,0,,,2025-04-27,,,,,,,,,,
Dnipro,0.0,0.0,0.0,22.7,335.7,9.0,4.1,60.32,0.0,0.0,0.0,12.6,335.6,1020.0,24.1,0.0,1.0,2025-04-27 07:00:00,1,0,0,0,0,0,0,0,,,2025-04-27,,,,,,,,,,
Dnipro,0.0,0.0,0.0,22.7,335.7,9.0,5.5,53.11,0.0,0.0,0.0,14.8,339.9,1020.0,24.1,0.0,3.0,2025-04-27 08:00:00,1,0,0,0,0,0,0,0,,,2025-04-27,,,,,,,,,,
Dnipro,0.0,0.0,0.0,22.7,335.7,9.0,7.3,45.87,0.0,0.0,0.0,13.7,336.6,1021.0,24.1,0.0,5.0,2025-04-27 09:00:00,1,0,0,0,0,0,0,0,,,2025-04-27,,,,,,,,,,
Dnipro,0.0,0.0,0.0,22.7,335.7,9.0,9.1,34.13,0.0,0.0,0.0,18.7,343.8,1021.0,24.1,43.4,6.0,2025-04-27 10:00:00,0,0,0,0,0,0,1,0,,,2025-04-27,,,,,,,,,,
Dnipro,0.0,0.0,0.0,22.7,335.7,9.0,9.9,28.39,0.0,0.0,0.0,21.2,338.5,1021.0,24.1,100.0,8.0,2025-04-27 11:00:00,0,0,0,1,0,0,0,0,,,2025-04-27,,,,,,,,,,
Dnipro,0.0,0.0,0.0,22.7,335.7,9.0,9.9,27.52,0.0,0.0,0.0,20.9,330.8,1022.0,24.1,100.0,9.0,2025-04-27 12:00:00,0,0,0,1,0,0,0,0,,,2025-04-27,,,,,,,,,,
Dnipro,0.0,0.0,0.0,22.7,335.7,9.0,10.9,27.6,0.0,0.0,0.0,18.7,323.5,1022.0,24.1,49.5,9.0,2025-04-27 13:00:00,0,0,0,0,0,0,1,0,,,2025-04-27,,,,,,,,,,
Dnipro,0.0,0.0,0.0,22.7,335.7,9.0,11.0,26.58,0.0,0.0,0.0,21.2,322.1,1022.0,24.1,100.0,8.0,2025-04-27 14:00:00,0,0,0,1,0,0,0,0,,,2025-04-27,,,,,,,,,,
Dnipro,0.0,0.0,0.0,22.7,335.7,9.0,11.2,26.64,0.0,0.0,0.0,21.2,323.6,1022.0,24.1,93.2,8.0,2025-04-27 15:00:00,0,0,0,1,0,0,0,0,,,2025-04-27,,,,,,,,,,
Dnipro,0.0,0.0,0.0,22.7,335.7,9.0,10.9,27.39,0.0,0.0,0.0,22.7,326.3,1022.0,24.1,72.7,7.0,2025-04-27 16:00:00,0,0,0,0,0,0,1,0,,,2025-04-27,,,,,,,,,,
Dnipro,0.0,0.0,0.0,22.7,335.7,9.0,10.3,30.54,0.0,0.0,0.0,22.3,331.1,1022.0,24.1,51.4,5.0,2025-04-27 17:00:00,0,0,0,0,0,0,1,0,,,2025-04-27,,,,,,,,,,
Dnipro,0.0,0.0,0.0,22.7,335.7,9.0,9.4,32.69,0.0,0.0,0.0,21.6,336.1,1023.0,24.1,58.5,3.0,2025-04-27 18:00:00,0,0,0,0,0,0,1,0,,,2025-04-27,,,,,,,,,,
Dnipro,0.0,0.0,0.0,22.7,335.7,9.0,8.4,33.92,0.0,0.0,0.0,19.4,340.7,1024.0,24.1,33.3,2.0,2025-04-27 19:00:00,0,0,0,0,0,0,1,0,,,2025-04-27,,,,,,,,,,
Dnipro,0.0,0.0,0.0,22.7,335.7,9.0,7.5,36.9,0.0,0.0,0.0,15.8,341.4,1026.0,24.1,27.2,0.0,2025-04-27 20:00:00,0,0,0,0,0,0,1,0,,,2025-04-27,,,,,,,,,,
Dnipro,0.0,0.0,0.0,22.7,335.7,9.0,6.6,40.46,0.0,0.0,0.0,12.6,340.2,1027.0,24.1,0.0,0.0,2025-04-27 21:00:00,1,0,0,0,0,0,0,0,,,2025-04-27,,,,,,,,,,
Dnipro,0.0,0.0,0.0,22.7,335.7,9.0,5.7,45.06,0.0,0.0,0.0,10.1,340.6,1027.0,24.1,0.0,0.0,2025-04-27 22:00:00,1,0,0,0,0,0,0,0,,,2025-04-27,,,,,,,,,,
Dnipro,0.0,0.0,0.0,22.7,335.7,9.0,4.9,48.73,0.0,0.0,0.0,8.3,335.6,1028.0,24.1,0.0,0.0,2025-04-27 23:00:00,1,0,0,0,0,0,0,0,,,2025-04-27,,,,,,,,,,
Kharkiv,0.7,16.67,0.0,28.8,339.3,6.0,3.0,64.7,0.0,0.0,0.0,7.2,360.0,1015.0,10.0,64.0,0.0,2025-04-27 00:00:00,0,0,0,0,0,0,1,0,,,2025-04-27,,,,,,,,,,
Kharkiv,0.7,16.67,0.0,28.8,339.3,6.0,2.0,64.47,0.0,0.0,0.0,7.2,350.0,1015.0,10.0,81.0,0.0,2025-04-27 01:00:00,0,0,0,0,0,0,1,0,,,2025-04-27,,,,,,,,,,
Kharkiv,0.7,16.67,0.0,28.8,339.3,6.0,1.0,69.26,0.0,0.0,0.0,10.8,340.0,1015.0,10.0,76.9,0.0,2025-04-27 02:00:00,0,0,0,0,0,0,1,0,,,2025-04-27,,,,,,,,,,
Kharkiv,0.7,16.67,0.0,28.8,339.3,6.0,2.0,64.47,0.0,0.0,0.0,10.8,340.0,1015.0,10.0,78.2,0.0,2025-04-27 03:00:00,0,0,0,0,0,0,1,0,,,2025-04-27,,,,,,,,,,
Kharkiv,0.7,16.67,0.0,28.8,339.3,6.0,1.0,69.26,0.0,0.0,0.0,10.8,340.0,1015.0,10.0,81.9,0.0,2025-04-27 04:00:00,0,0,0,0,0,0,1,0,,,2025-04-27,,,,,,,,,,
Kharkiv,0.7,16.67,0.0,28.8,339.3,6.0,1.0,69.26,0.0,0.0,0.0,14.4,340.0,1016.0,10.0,91.7,0.0,2025-04-27 05:00:00,0,0,0,1,0,0,0,0,,,2025-04-27,,,,,,,,,,
Kharkiv,0.7,16.67,0.0,28.8,339.3,6.0,1.0,74.63,0.0,0.0,0.0,10.8,330.0,1017.0,10.0,71.8,0.0,2025-04-27 06:00:00,0,0,0,0,0,0,1,0,,,2025-04-27,,,,,,,,,,
Kharkiv,0.7,16.67,0.0,28.8,339.3,6.0,2.0,69.47,0.0,0.0,0.0,14.4,320.0,1017.0,10.0,39.0,1.0,2025-04-27 07:00:00,0,0,0,0,0,0,1,0,,,2025-04-27,,,,,,,,,,
Kharkiv,0.7,16.67,0.0,28.8,339.3,6.0,4.0,60.3,0.0,0.0,0.0,14.4,340.0,1017.0,10.0,27.0,3.0,2025-04-27 08:00:00,0,0,0,0,0,0,1,0,,,2025-04-27,,,,,,,,,,
Kharkiv,0.7,16.67,0.0,28.8,339.3,6.0,6.0,56.49,0.0,0.0,0.0,18.0,330.0,1017.0,10.0,60.8,5.0,2025-04-27 09:00:00,0,0,0,0,0,0,1,0,,,2025-04-27,,,,,,,,,,
Kharkiv,0.7,16.67,0.0,28.8,339.3,6.0,7.0,45.44,0.0,0.0,0.0,21.6,310.0,1017.0,10.0,22.6,6.0,2025-04-27 10:00:00,0,0,0,0,0,0,1,0,,,2025-04-27,,,,,,,,,,
Kharkiv,0.7,16.67,0.0,28.8,339.3,6.0,8.0,49.25,0.0,0.0,0.0,28.8,320.0,1017.0,10.0,50.0,5.0,2025-04-27 11:00:00,0,0,0,0,0,0,1,0,,,2025-04-27,,,,,,,,,,
Kharkiv,0.7,16.67,0.0,28.8,339.3,6.0,5.0,65.16,0.2,100.0,0.0,21.6,340.0,1018.0,10.0,88.0,5.0,2025-04-27 12:00:00,0,0,0,0,1,0,1,0,,,2025-04-27,,,,,,,,,,
Kharkiv,0.7,16.67,0.0,28.8,339.3,6.0,7.0,42.15,0.3,100.0,0.0,21.6,350.0,1018.0,10.0,88.0,6.0,2025-04-27 13:00:00,0,0,0,0,1,0,1,0,,,2025-04-27,,,,,,,,,,
Kharkiv,0.7,16.67,0.0,28.8,339.3,6.0,6.0,52.46,0.1,100.0,0.0,25.2,360.0,1019.0,10.0,88.0,6.0,2025-04-27 14:00:00,0,0,0,0,1,0,1,0,,,2025-04-27,,,,,,,,,,
Kharkiv,0.7,16.67,0.0,28.8,339.3,6.0,6.0,48.68,0.1,100.0,0.0,25.2,330.0,1019.0,10.0,88.0,3.0,2025-04-27 15:00:00,0,0,0,0,1,0,1,0,,,2025-04-27,,,,,,,,,,
Kharkiv,0.7,16.67,0.0,28.8,339.3,6.0,4.0,64.93,0.0,0.0,0.0,28.8,20.0,1020.0,9.0,88.0,5.0,2025-04-27 16:00:00,0,0,0,0,0,0,1,0,,,2025-04-27,,,,,,,,,,
Kharkiv,0.7,16.67,0.0,28.8,339.3,6.0,6.0,52.46,0.0,0.0,0.0,25.2,360.0,1021.0,10.0,50.0,2.0,2025-04-27 17:00:00,0,0,0,0,0,0,1,0,,,2025-04-27,,,,,,,,,,
Kharkiv,0.7,16.67,0.0,28.8,339.3,6.0,4.0,55.96,0.0,0.0,0.0,28.8,340.0,1022.0,10.0,47.2,2.0,2025-04-27 18:00:00,0,0,0,0,0,0,1,0,,,2025-04-27,,,,,,,,,,
Kharkiv,0.7,16.67,0.0,28.8,339.3,6.0,5.8,49.36,0.0,19.4,0.0,16.2,333.7,1023.0,16.7,29.3,1.0,2025-04-27 19:00:00,0,0,0,0,0,0,1,0,,,2025-04-27,,,,,,,,,,
Kharkiv,0.7,16.67,0.0,28.8,339.3,6.0,4.6,56.54,0.0,19.4,0.0,12.2,333.1,1025.0,24.1,8.2,0.0,2025-04-27 20:00:00,1,0,0,0,0,0,0,0,,,2025-04-27,,,,,,,,,,
Kharkiv,0.7,16.67,0.0,28.8,339.3,6.0,3.6,62.95,0.0,19.4,0.0,9.0,322.2,1026.0,24.1,0.0,0.0,2025-04-27 21:00:00,1,0,0,0,0,0,0,0,,,2025-04-27,,,,,,,,,,
Kharkiv,0.7,16.67,0.0,28.8,339.3,6.0,2.8,67.11,0.0,0.0,0.0,7.9,315.6,1026.0,24.1,0.0,0.0,2025-04-27 22:00:00,1,0,0,0,0,0,0,0,,,2025-04-27,,,,,,,,,,
Kharkiv,0.7,16.67,0.0,28.8,339.3,6.0,2.3,69.02,0.0,0.0,0.0,7.6,309.9,1026.0,24.1,0.0,0.0,2025-04-27 23:00:00,1,0,0,0,0,0,0,0,,,2025-04-27,,,,,,,,,,
Zaporizhzhia,0.0,0.0,0.0,22.3,339.3,9.0,8.3,58.76,0.0,0.0,0.0,14.0,32.8,1016.0,24.1,29.0,0.0,2025-04-27 00:00:00,0,0,0,0,0,0,1,0,,,2025-04-27,,,,,,,,,,
Zaporizhzhia,0.0,0.0,0.0,22.3,339.3,9.0,7.8,61.24,0.0,0.0,0.0,9.7,21.9,1017.0,24.1,36.1,0.0,2025-04-27 01:00:00,0,0,0,0,0,0,1,0,,,2025-04-27,,,,,,,,,,
Zaporizhzhia,0.0,0.0,0.0,22.3,339.3,9.0,7.4,64.3,0.0,0.0,0.0,7.2,17.8,1017.0,24.1,17.1,0.0,2025-04-27 02:00:00,1,0,0,0,0,0,0,0,,,2025-04-27,,,,,,,,,,
Zaporizhzhia,0.0,0.0,0.0,22.3,339.3,9.0,6.3,70.35,0.0,0.0,0.0,6.5,350.4,1017.0,24.1,0.8,0.0,2025-04-27 03:00:00,1,0,0,0,0,0,0,0,,,2025-04-27,,,,,,,,,,
Zaporizhzhia,0.0,0.0,0.0,22.3,339.3,9.0,6.1,74.99,0.0,0.0,0.0,6.1,328.4,1017.0,24.1,0.0,0.0,2025-04-27 04:00:00,1,0,0,0,0,0,0,0,,,2025-04-27,,,,,,,,,,
Zaporizhzhia,0.0,0.0,0.0,22.3,339.3,9.0,5.9,76.03,0.0,0.0,0.0,9.4,325.7,1017.0,24.1,0.0,0.0,2025-04-27 05:00:00,1,0,0,0,0,0,0,0,,,2025-04-27,,,,,,,,,,
Zaporizhzhia,0.0,0.0,0.0,22.3,339.3,9.0,5.6,66.26,0.0,0.0,0.0,11.9,335.3,1017.0,24.1,0.0,0.0,2025-04-27 06:00:00,1,0,0,0,0,0,0,0,,,2025-04-27,,,,,,,,,,
Zaporizhzhia,0.0,0.0,0.0,22.3,339.3,9.0,6.1,59.5,0.0,0.0,0.0,13.7,338.9,1019.0,24.1,0.0,1.0,2025-04-27 07:00:00,1,0,0,0,0,0,0,0,,,2025-04-27,,,,,,,,,,
Zaporizhzhia,0.0,0.0,0.0,22.3,339.3,9.0,7.3,52.82,0.0,0.0,0.0,15.1,342.2,1020.0,24.1,0.0,3.0,2025-04-27 08:00:00,1,0,0,0,0,0,0,0,,,2025-04-27,,,,,,,,,,
Zaporizhzhia,0.0,0.0,0.0,22.3,339.3,9.0,8.8,43.65,0.0,0.0,0.0,15.5,338.8,1021.0,24.1,0.0,5.0,2025-04-27 09:00:00,1,0,0,0,0,0,0,0,,,2025-04-27,,,,,,,,,,
Zaporizhzhia,0.0,0.0,0.0,22.3,339.3,9.0,10.2,33.43,0.0,0.0,0.0,18.4,348.8,1021.0,24.1,0.0,6.0,2025-04-27 10:00:00,1,0,0,0,0,0,0,0,,,2025-04-27,,,,,,,,,,
Zaporizhzhia,0.0,0.0,0.0,22.3,339.3,9.0,11.1,28.52,0.0,0.0,0.0,19.8,349.1,1021.0,24.1,54.9,8.0,2025-04-27 11:00:00,0,0,0,0,0,0,1,0,,,2025-04-27,,,,,,,,,,
Zaporizhzhia,0.0,0.0,0.0,22.3,339.3,9.0,11.9,23.0,0.0,0.0,0.0,21.2,336.3,1021.0,24.1,96.9,9.0,2025-04-27 12:00:00,0,0,0,1,0,0,0,0,,,2025-04-27,,,,,,,,,,
Zaporizhzhia,0.0,0.0,0.0,22.3,339.3,9.0,12.1,23.78,0.0,0.0,0.0,21.2,334.1,1022.0,24.1,100.0,9.0,2025-04-27 13:00:00,0,0,0,1,0,0,0,0,,,2025-04-27,,,,,,,,,,
Zaporizhzhia,0.0,0.0,0.0,22.3,339.3,9.0,12.5,24.26,0.0,0.0,0.0,20.9,328.8,1022.0,24.1,44.2,9.0,2025-04-27 14:00:00,0,0,0,0,0,0,1,0,,,2025-04-27,,,,,,,,,,
Zaporizhzhia,0.0,0.0,0.0,22.3,339.3,9.0,12.4,25.77,0.0,0.0,0.0,19.8,321.6,1022.0,24.1,39.5,8.0,2025-04-27 15:00:00,0,0,0,0,0,0,1,0,,,2025-04-27,,,,,,,,,,
Zaporizhzhia,0.0,0.0,0.0,22.3,339.3,9.0,12.6,24.1,0.0,0.0,0.0,22.0,321.3,1022.0,24.1,56.3,7.0,2025-04-27 16:00:00,0,0,0,0,0,0,1,0,,,2025-04-27,,,,,,,,,,
Zaporizhzhia,0.0,0.0,0.0,22.3,339.3,9.0,12.2,25.72,0.0,0.0,0.0,22.3,325.3,1022.0,24.1,85.4,5.0,2025-04-27 17:00:00,0,0,0,0,0,0,1,0,,,2025-04-27,,,,,,,,,,
Zaporizhzhia,0.0,0.0,0.0,22.3,339.3,9.0,11.3,28.8,0.0,0.0,0.0,22.3,331.4,1023.0,24.1,34.9,3.0,2025-04-27 18:00:00,0,0,0,0,0,0,1,0,,,2025-04-27,,,,,,,,,,
Zaporizhzhia,0.0,0.0,0.0,22.3,339.3,9.0,10.1,32.65,0.0,0.0,0.0,20.5,337.0,1024.0,24.1,47.6,2.0,2025-04-27 19:00:00,0,0,0,0,0,0,1,0,,,2025-04-27,,,,,,,,,,
Zaporizhzhia,0.0,0.0,0.0,22.3,339.3,9.0,9.1,33.36,0.0,0.0,0.0,18.0,343.3,1025.0,24.1,38.7,0.0,2025-04-27 20:00:00,0,0,0,0,0,0,1,0,,,2025-04-27,,,,,,,,,,
Zaporizhzhia,0.0,0.0,0.0,22.3,339.3,9.0,8.2,35.99,0.0,0.0,0.0,15.1,345.4,1027.0,24.1,17.0,0.0,2025-04-27 21:00:00,1,0,0,0,0,0,0,0,,,2025-04-27,,,,,,,,,,
Zaporizhzhia,0.0,0.0,0.0,22.3,339.3,9.0,7.4,39.48,0.0,0.0,0.0,12.2,337.9,1027.0,24.1,0.0,0.0,2025-04-27 22:00:00,1,0,0,0,0,0,0,0,,,2025-04-27,,,,,,,,,,
Zaporizhzhia,0.0,0.0,0.0,22.3,339.3,9.0,6.6,43.32,0.0,0.0,0.0,10.1,338.6,1027.0,24.1,0.0,0.0,2025-04-27 23:00:00,1,0,0,0,0,0,0,0,,,2025-04-27,,,,,,,,,,
Ivano-Frankivsk,0.0,0.0,0.0,9.0,66.7,9.0,6.0,53.24,0.0,0.0,0.0,5.4,349.8,1024.0,24.1,0.0,0.0,2025-04-27 00:00:00,1,0,0,0,0,0,0,0,,,2025-04-27,,,,,,,,,,
Ivano-Frankivsk,0.0,0.0,0.0,9.0,66.7,9.0,5.4,57.17,0.0,0.0,0.0,4.3,341.8,1025.0,24.1,2.7,0.0,2025-04-27 01:00:00,1,0,0,0,0,0,0,0,,,2025-04-27,,,,,,,,,,
Ivano-Frankivsk,0.0,0.0,0.0,9.0,66.7,9.0,4.8,60.95,0.0,0.0,0.0,4.0,343.1,1025.0,24.1,3.5,0.0,2025-04-27 02:00:00,1,0,0,0,0,0,0,0,,,2025-04-27,,,,,,,,,,
Ivano-Frankivsk,0.0,0.0,0.0,9.0,66.7,9.0,4.2,69.42,0.0,0.0,0.0,3.2,326.7,1026.0,24.1,5.9,0.0,2025-04-27 03:00:00,1,0,0,0,0,0,0,0,,,2025-04-27,,,,,,,,,,
Ivano-Frankivsk,0.0,0.0,0.0,9.0,66.7,9.0,3.8,70.36,0.0,0.0,0.0,2.9,310.2,1026.0,24.1,1.5,0.0,2025-04-27 04:00:00,1,0,0,0,0,0,0,0,,,2025-04-27,,,,,,,,,,
Ivano-Frankivsk,0.0,0.0,0.0,9.0,66.7,9.0,3.4,71.84,0.0,0.0,0.0,2.9,295.0,1026.0,24.1,1.4,0.0,2025-04-27 05:00:00,1,0,0,0,0,0,0,0,,,2025-04-27,,,,,,,,,,
Ivano-Frankivsk,0.0,0.0,0.0,9.0,66.7,9.0,3.0,72.29,0.0,0.0,0.0,2.9,275.3,1027.0,24.1,0.0,0.0,2025-04-27 06:00:00,1,0,0,0,0,0,0,0,,,2025-04-27,,,,,,,,,,
Ivano-Frankivsk,0.0,0.0,0.0,9.0,66.7,9.0,2.9,73.88,0.0,0.0,0.0,2.2,290.0,1027.0,24.1,0.0,0.0,2025-04-27 07:00:00,1,0,0,0,0,0,0,0,,,2025-04-27,,,,,,,,,,
Ivano-Frankivsk,0.0,0.0,0.0,9.0,66.7,9.0,4.6,71.03,0.0,0.0,0.0,0.7,325.5,1028.0,24.1,0.0,2.0,2025-04-27 08:00:00,1,0,0,0,0,0,0,0,,,2025-04-27,,,,,,,,,,
Ivano-Frankivsk,0.0,0.0,0.0,9.0,66.7,9.0,6.9,54.68,0.0,0.0,0.0,6.5,70.3,1028.0,24.1,0.0,3.0,2025-04-27 09:00:00,1,0,0,0,0,0,0,0,,,2025-04-27,,,,,,,,,,
Ivano-Frankivsk,0.0,0.0,0.0,9.0,66.7,9.0,8.3,50.44,0.0,0.0,0.0,7.9,78.0,1028.0,24.1,0.0,5.0,2025-04-27 10:00:00,1,0,0,0,0,0,0,0,,,2025-04-27,,,,,,,,,,
Ivano-Frankivsk,0.0,0.0,0.0,9.0,66.7,9.0,9.8,45.25,0.0,0.0,0.0,9.0,88.7,1028.0,24.1,8.0,7.0,2025-04-27 11:00:00,1,0,0,0,0,0,0,0,,,2025-04-27,,,,,,,,,,
Ivano-Frankivsk,0.0,0.0,0.0,9.0,66.7,9.0,10.9,41.74,0.0,0.0,0.0,8.3,86.7,1028.0,24.1,35.5,8.0,2025-04-27 12:00:00,0,0,0,0,0,0,1,0,,,2025-04-27,,,,,,,,,,
Ivano-Frankivsk,0.0,0.0,0.0,9.0,66.7,9.0,11.8,39.91,0.0,0.0,0.0,7.6,87.3,1028.0,24.1,33.4,8.0,2025-04-27 13:00:00,0,0,0,0,0,0,1,0,,,2025-04-27,,,,,,,,,,
Ivano-Frankivsk,0.0,0.0,0.0,9.0,66.7,9.0,12.6,37.04,0.0,0.0,0.0,7.2,87.0,1028.0,24.1,37.1,9.0,2025-04-27 14:00:00,0,0,0,0,0,0,1,0,,,2025-04-27,,,,,,,,,,
Ivano-Frankivsk,0.0,0.0,0.0,9.0,66.7,9.0,13.1,36.11,0.0,0.0,0.0,6.8,84.7,1028.0,24.1,32.6,8.0,2025-04-27 15:00:00,0,0,0,0,0,0,1,0,,,2025-04-27,,,,,,,,,,
Ivano-Frankivsk,0.0,0.0,0.0,9.0,66.7,9.0,13.3,35.64,0.0,0.0,0.0,6.5,82.6,1027.0,24.1,31.4,7.0,2025-04-27 16:00:00,0,0,0,0,0,0,1,0,,,2025-04-27,,,,,,,,,,
Ivano-Frankivsk,0.0,0.0,0.0,9.0,66.7,9.0,13.3,36.17,0.0,0.0,0.0,6.5,77.3,1027.0,24.1,25.8,6.0,2025-04-27 17:00:00,0,0,0,0,0,0,1,0,,,2025-04-27,,,,,,,,,,
Ivano-Frankivsk,0.0,0.0,0.0,9.0,66.7,9.0,13.0,36.35,0.0,0.0,0.0,7.2,74.6,1027.0,24.1,2.7,4.0,2025-04-27 18:00:00,1,0,0,0,0,0,0,0,,,2025-04-27,,,,,,,,,,
Ivano-Frankivsk,0.0,0.0,0.0,9.0,66.7,9.0,12.4,36.71,0.0,0.0,0.0,6.8,71.3,1028.0,24.1,0.0,3.0,2025-04-27 19:00:00,1,0,0,0,0,0,0,0,,,2025-04-27,,,,,,,,,,
Ivano-Frankivsk,0.0,0.0,0.0,9.0,66.7,9.0,10.8,47.57,0.0,0.0,0.0,4.0,79.6,1028.0,24.1,0.0,1.0,2025-04-27 20:00:00,1,0,0,0,0,0,0,0,,,2025-04-27,,,,,,,,,,
Ivano-Frankivsk,0.0,0.0,0.0,9.0,66.7,9.0,9.4,52.24,0.0,0.0,0.0,2.2,95.9,1029.0,24.1,0.0,0.0,2025-04-27 21:00:00,1,0,0,0,0,0,0,0,,,2025-04-27,,,,,,,,,,
Ivano-Frankivsk,0.0,0.0,0.0,9.0,66.7,9.0,8.5,52.76,0.0,0.0,0.0,1.8,133.7,1029.0,24.1,0.0,0.0,2025-04-27 22:00:00,1,0,0,0,0,0,0,0,,,2025-04-27,,,,,,,,,,
Ivano-Frankivsk,0.0,0.0,0.0,9.0,66.7,9.0,7.4,55.63,0.0,0.0,0.0,1.4,152.4,1029.0,24.1,0.0,0.0,2025-04-27 23:00:00,1,0,0,0,0,0,0,0,,,2025-04-27,,,,,,,,,,
Ternopil,0.0,0.0,0.0,10.4,18.9,9.0,4.9,56.62,0.0,0.0,0.0,5.4,359.9,1025.0,24.1,0.0,0.0,2025-04-27 00:00:00,1,0,0,0,0,0,0,0,,,2025-04-27,,,,,,,,,,
Ternopil,0.0,0.0,0.0,10.4,18.9,9.0,4.3,58.17,0.0,0.0,0.0,4.7,352.4,1025.0,24.1,0.0,0.0,2025-04-27 01:00:00,1,0,0,0,0,0,0,0,,,2025-04-27,,,,,,,,,,
Ternopil,0.0,0.0,0.0,10.4,18.9,9.0,3.6,60.65,0.0,0.0,0.0,5.0,349.3,1026.0,24.1,0.0,0.0,2025-04-27 02:00:00,1,0,0,0,0,0,0,0,,,2025-04-27,,,,,,,,,,
Ternopil,0.0,0.0,0.0,10.4,18.9,9.0,2.8,66.12,0.0,0.0,0.0,4.7,348.5,1026.0,24.1,0.0,0.0,2025-04-27 03:00:00,1,0,0,0,0,0,0,0,,,2025-04-27,,,,,,,,,,
Ternopil,0.0,0.0,0.0,10.4,18.9,9.0,2.1,67.45,0.0,0.0,0.0,4.3,352.5,1026.0,24.1,0.0,0.0,2025-04-27 04:00:00,1,0,0,0,0,0,0,0,,,2025-04-27,,,,,,,,,,
Ternopil,0.0,0.0,0.0,10.4,18.9,9.0,1.6,68.36,0.0,0.0,0.0,4.0,356.0,1027.0,24.1,0.0,0.0,2025-04-27 05:00:00,1,0,0,0,0,0,0,0,,,2025-04-27,,,,,,,,,,
Ternopil,0.0,0.0,0.0,10.4,18.9,9.0,1.0,69.78,0.0,0.0,0.0,3.6,356.8,1027.0,24.1,0.0,0.0,2025-04-27 06:00:00,1,0,0,0,0,0,0,0,,,2025-04-27,,,,,,,,,,
Ternopil,0.0,0.0,0.0,10.4,18.9,9.0,1.1,69.28,0.0,0.0,0.0,3.6,3.2,1028.0,24.1,0.0,0.0,2025-04-27 07:00:00,1,0,0,0,0,0,0,0,,,2025-04-27,,,,,,,,,,
Ternopil,0.0,0.0,0.0,10.4,18.9,9.0,3.8,59.8,0.0,0.0,0.0,4.7,17.1,1028.0,24.1,0.0,2.0,2025-04-27 08:00:00,1,0,0,0,0,0,0,0,,,2025-04-27,,,,,,,,,,
Ternopil,0.0,0.0,0.0,10.4,18.9,9.0,6.2,47.3,0.0,0.0,0.0,9.7,38.8,1029.0,24.1,0.0,4.0,2025-04-27 09:00:00,1,0,0,0,0,0,0,0,,,2025-04-27,,,,,,,,,,
Ternopil,0.0,0.0,0.0,10.4,18.9,9.0,8.0,40.88,0.0,0.0,0.0,10.4,44.5,1028.0,24.1,0.0,5.0,2025-04-27 10:00:00,1,0,0,0,0,0,0,0,,,2025-04-27,,,,,,,,,,
Ternopil,0.0,0.0,0.0,10.4,18.9,9.0,9.3,36.33,0.0,0.0,0.0,10.4,42.7,1028.0,24.1,0.0,7.0,2025-04-27 11:00:00,1,0,0,0,0,0,0,0,,,2025-04-27,,,,,,,,,,
Ternopil,0.0,0.0,0.0,10.4,18.9,9.0,10.5,34.55,0.0,0.0,0.0,10.1,43.0,1028.0,24.1,0.0,8.0,2025-04-27 12:00:00,1,0,0,0,0,0,0,0,,,2025-04-27,,,,,,,,,,
Ternopil,0.0,0.0,0.0,10.4,18.9,9.0,11.5,31.84,0.0,0.0,0.0,9.7,34.7,1028.0,24.1,0.0,9.0,2025-04-27 13:00:00,1,0,0,0,0,0,0,0,,,2025-04-27,,,,,,,,,,
Ternopil,0.0,0.0,0.0,10.4,18.9,9.0,12.2,31.57,0.0,0.0,0.0,9.7,26.3,1028.0,24.1,22.1,9.0,2025-04-27 14:00:00,0,0,0,0,0,0,1,0,,,2025-04-27,,,,,,,,,,
Ternopil,0.0,0.0,0.0,10.4,18.9,9.0,12.6,33.64,0.0,0.0,0.0,9.4,18.5,1028.0,24.1,35.9,8.0,2025-04-27 15:00:00,0,0,0,0,0,0,1,0,,,2025-04-27,,,,,,,,,,
Ternopil,0.0,0.0,0.0,10.4,18.9,9.0,12.7,33.42,0.0,0.0,0.0,9.4,12.5,1028.0,24.1,34.1,7.0,2025-04-27 16:00:00,0,0,0,0,0,0,1,0,,,2025-04-27,,,,,,,,,,
Ternopil,0.0,0.0,0.0,10.4,18.9,9.0,12.5,33.36,0.0,0.0,0.0,9.4,9.6,1028.0,24.1,30.4,6.0,2025-04-27 17:00:00,0,0,0,0,0,0,1,0,,,2025-04-27,,,,,,,,,,
Ternopil,0.0,0.0,0.0,10.4,18.9,9.0,12.0,34.73,0.0,0.0,0.0,9.0,9.2,1027.0,24.1,29.1,5.0,2025-04-27 18:00:00,0,0,0,0,0,0,1,0,,,2025-04-27,,,,,,,,,,
Ternopil,0.0,0.0,0.0,10.4,18.9,9.0,11.3,35.57,0.0,0.0,0.0,8.3,9.5,1028.0,24.1,21.9,3.0,2025-04-27 19:00:00,0,0,0,0,0,0,1,0,,,2025-04-27,,,,,,,,,,
Ternopil,0.0,0.0,0.0,10.4,18.9,9.0,9.9,40.23,0.0,0.0,0.0,6.1,14.1,1029.0,24.1,6.0,1.0,2025-04-27 20:00:00,1,0,0,0,0,0,0,0,,,2025-04-27,,,,,,,,,,
Ternopil,0.0,0.0,0.0,10.4,18.9,9.0,7.9,48.86,0.0,0.0,0.0,3.6,19.6,1030.0,24.1,0.0,0.0,2025-04-27 21:00:00,1,0,0,0,0,0,0,0,,,2025-04-27,,,,,,,,,,
Ternopil,0.0,0.0,0.0,10.4,18.9,9.0,6.6,54.6,0.0,0.0,0.0,3.2,21.3,1030.0,24.1,0.0,0.0,2025-04-27 22:00:00,1,0,0,0,0,0,0,0,,,2025-04-27,,,,,,,,,,
Ternopil,0.0,0.0,0.0,10.4,18.9,9.0,5.7,58.1,0.0,0.0,0.0,3.2,26.3,1030.0,24.1,0.0,0.0,2025-04-27 23:00:00,1,0,0,0,0,0,0,0,,,2025-04-27,,,,,,,,,,
Chernihiv,0.0,0.0,0.0,20.2,336.2,8.0,3.4,56.22,0.0,0.0,0.0,4.3,329.9,1021.0,24.1,13.7,0.0,2025-04-27 00:00:00,1,0,0,0,0,0,0,0,,,2025-04-27,,,,,,,,,,
Chernihiv,0.0,0.0,0.0,20.2,336.2,8.0,2.8,58.66,0.0,0.0,0.0,4.7,312.6,1021.0,24.1,15.6,0.0,2025-04-27 01:00:00,1,0,0,0,0,0,0,0,,,2025-04-27,,,,,,,,,,
Chernihiv,0.0,0.0,0.0,20.2,336.2,8.0,2.2,61.68,0.0,0.0,0.0,5.0,299.1,1022.0,24.1,0.0,0.0,2025-04-27 02:00:00,1,0,0,0,0,0,0,0,,,2025-04-27,,,,,,,,,,
Chernihiv,0.0,0.0,0.0,20.2,336.2,8.0,1.3,65.28,0.0,0.0,0.0,8.3,317.2,1022.0,24.1,15.4,0.0,2025-04-27 03:00:00,1,0,0,0,0,0,0,0,,,2025-04-27,,,,,,,,,,
Chernihiv,0.0,0.0,0.0,20.2,336.2,8.0,1.2,68.78,0.0,0.0,0.0,9.4,331.2,1022.0,24.1,39.4,0.0,2025-04-27 04:00:00,0,0,0,0,0,0,1,0,,,2025-04-27,,,,,,,,,,
Chernihiv,0.0,0.0,0.0,20.2,336.2,8.0,0.6,76.24,0.0,0.0,0.0,8.6,326.3,1023.0,24.1,2.5,0.0,2025-04-27 05:00:00,1,0,0,0,0,0,0,0,,,2025-04-27,,,,,,,,,,
Chernihiv,0.0,0.0,0.0,20.2,336.2,8.0,0.2,82.06,0.0,0.0,0.0,9.7,325.6,1023.0,24.1,0.0,0.0,2025-04-27 06:00:00,1,0,0,0,0,0,0,0,,,2025-04-27,,,,,,,,,,
Chernihiv,0.0,0.0,0.0,20.2,336.2,8.0,1.1,79.21,0.0,0.0,0.0,10.1,329.6,1024.0,24.1,0.0,1.0,2025-04-27 07:00:00,1,0,0,0,0,0,0,0,,,2025-04-27,,,,,,,,,,
Chernihiv,0.0,0.0,0.0,20.2,336.2,8.0,2.9,71.74,0.0,0.0,0.0,12.2,332.2,1025.0,24.1,34.2,2.0,2025-04-27 08:00:00,0,0,0,0,0,0,1,0,,,2025-04-27,,,,,,,,,,
Chernihiv,0.0,0.0,0.0,20.2,336.2,8.0,4.6,60.0,0.0,0.0,0.0,15.1,337.3,1025.0,24.1,39.6,4.0,2025-04-27 09:00:00,0,0,0,0,0,0,1,0,,,2025-04-27,,,,,,,,,,
Chernihiv,0.0,0.0,0.0,20.2,336.2,8.0,5.8,47.54,0.0,0.0,0.0,18.0,338.6,1025.0,24.1,60.1,6.0,2025-04-27 10:00:00,0,0,0,0,0,0,1,0,,,2025-04-27,,,,,,,,,,
Chernihiv,0.0,0.0,0.0,20.2,336.2,8.0,6.6,40.46,0.0,0.0,0.0,18.4,336.8,1025.0,24.1,78.8,7.0,2025-04-27 11:00:00,0,0,0,0,0,0,1,0,,,2025-04-27,,,,,,,,,,
Chernihiv,0.0,0.0,0.0,20.2,336.2,8.0,7.5,35.51,0.0,0.0,0.0,19.4,336.0,1026.0,24.1,84.1,8.0,2025-04-27 12:00:00,0,0,0,0,0,0,1,0,,,2025-04-27,,,,,,,,,,
Chernihiv,0.0,0.0,0.0,20.2,336.2,8.0,8.2,31.1,0.0,0.0,0.0,19.8,334.1,1026.0,24.1,100.0,8.0,2025-04-27 13:00:00,0,0,0,1,0,0,0,0,,,2025-04-27,,,,,,,,,,
Chernihiv,0.0,0.0,0.0,20.2,336.2,8.0,8.8,28.5,0.0,0.0,0.0,20.2,338.3,1026.0,24.1,100.0,8.0,2025-04-27 14:00:00,0,0,0,1,0,0,0,0,,,2025-04-27,,,,,,,,,,
Chernihiv,0.0,0.0,0.0,20.2,336.2,8.0,9.0,28.12,0.0,0.0,0.0,19.8,337.1,1026.0,24.1,60.5,8.0,2025-04-27 15:00:00,0,0,0,0,0,0,1,0,,,2025-04-27,,,,,,,,,,
Chernihiv,0.0,0.0,0.0,20.2,336.2,8.0,9.0,29.01,0.0,0.0,0.0,18.7,337.6,1026.0,24.1,85.6,6.0,2025-04-27 16:00:00,0,0,0,0,0,0,1,0,,,2025-04-27,,,,,,,,,,
Chernihiv,0.0,0.0,0.0,20.2,336.2,8.0,8.8,29.86,0.0,0.0,0.0,16.9,339.8,1026.0,24.1,50.1,5.0,2025-04-27 17:00:00,0,0,0,0,0,0,1,0,,,2025-04-27,,,,,,,,,,
Chernihiv,0.0,0.0,0.0,20.2,336.2,8.0,8.4,30.92,0.0,0.0,0.0,14.8,341.5,1026.0,24.1,74.5,4.0,2025-04-27 18:00:00,0,0,0,0,0,0,1,0,,,2025-04-27,,,,,,,,,,
Chernihiv,0.0,0.0,0.0,20.2,336.2,8.0,7.8,32.96,0.0,0.0,0.0,11.9,348.6,1027.0,24.1,26.8,2.0,2025-04-27 19:00:00,0,0,0,0,0,0,1,0,,,2025-04-27,,,,,,,,,,
Chernihiv,0.0,0.0,0.0,20.2,336.2,8.0,6.1,39.7,0.0,0.0,0.0,6.8,0.9,1028.0,24.1,22.8,1.0,2025-04-27 20:00:00,0,0,0,0,0,0,1,0,,,2025-04-27,,,,,,,,,,
Chernihiv,0.0,0.0,0.0,20.2,336.2,8.0,4.1,51.54,0.0,0.0,0.0,4.0,21.5,1029.0,24.1,1.9,0.0,2025-04-27 21:00:00,1,0,0,0,0,0,0,0,,,2025-04-27,,,,,,,,,,
Chernihiv,0.0,0.0,0.0,20.2,336.2,8.0,3.0,57.4,0.0,0.0,0.0,2.5,21.1,1029.0,24.1,0.0,0.0,2025-04-27 22:00:00,1,0,0,0,0,0,0,0,,,2025-04-27,,,,,,,,,,
Chernihiv,0.0,0.0,0.0,20.2,336.2,8.0,2.4,56.38,0.0,0.0,0.0,1.4,329.7,1030.0,24.1,0.0,0.0,2025-04-27 23:00:00,1,0,0,0,0,0,0,0,,,2025-04-27,,,,,,,,,,
Cherkasy,0.0,0.0,0.0,23.4,339.7,9.0,7.9,48.15,0.0,0.0,0.0,11.2,348.2,1020.0,24.1,35.3,0.0,2025-04-27 00:00:00,0,0,0,0,0,0,1,0,,,2025-04-27,,,,,,,,,,
Cherkasy,0.0,0.0,0.0,23.4,339.7,9.0,7.2,49.39,0.0,0.0,0.0,12.6,350.6,1020.0,24.1,0.0,0.0,2025-04-27 01:00:00,1,0,0,0,0,0,0,0,,,2025-04-27,,,,,,,,,,
Cherkasy,0.0,0.0,0.0,23.4,339.7,9.0,6.6,49.22,0.0,0.0,0.0,13.0,357.7,1021.0,24.1,0.0,0.0,2025-04-27 02:00:00,1,0,0,0,0,0,0,0,,,2025-04-27,,,,,,,,,,
Cherkasy,0.0,0.0,0.0,23.4,339.7,9.0,5.5,55.53,0.0,0.0,0.0,7.9,353.5,1021.0,24.1,0.0,0.0,2025-04-27 03:00:00,1,0,0,0,0,0,0,0,,,2025-04-27,,,,,,,,,,
Cherkasy,0.0,0.0,0.0,23.4,339.7,9.0,4.7,59.15,0.0,0.0,0.0,7.9,335.3,1021.0,24.1,0.0,0.0,2025-04-27 04:00:00,1,0,0,0,0,0,0,0,,,2025-04-27,,,,,,,,,,
Cherkasy,0.0,0.0,0.0,23.4,339.7,9.0,4.0,61.2,0.0,0.0,0.0,9.0,320.5,1021.0,24.1,0.0,0.0,2025-04-27 05:00:00,1,0,0,0,0,0,0,0,,,2025-04-27,,,,,,,,,,
Cherkasy,0.0,0.0,0.0,23.4,339.7,9.0,3.5,62.46,0.0,0.0,0.0,9.0,311.2,1022.0,24.1,0.0,0.0,2025-04-27 06:00:00,1,0,0,0,0,0,0,0,,,2025-04-27,,,,,,,,,,
Cherkasy,0.0,0.0,0.0,23.4,339.7,9.0,4.2,64.5,0.0,0.0,0.0,11.2,314.8,1023.0,24.1,0.0,1.0,2025-04-27 07:00:00,1,0,0,0,0,0,0,0,,,2025-04-27,,,,,,,,,,
Cherkasy,0.0,0.0,0.0,23.4,339.7,9.0,5.8,59.86,0.0,0.0,0.0,15.1,328.2,1023.0,24.1,0.0,3.0,2025-04-27 08:00:00,1,0,0,0,0,0,0,0,,,2025-04-27,,,,,,,,,,
Cherkasy,0.0,0.0,0.0,23.4,339.7,9.0,7.1,55.55,0.0,0.0,0.0,16.2,328.1,1024.0,24.1,0.0,4.0,2025-04-27 09:00:00,1,0,0,0,0,0,0,0,,,2025-04-27,,,,,,,,,,
Cherkasy,0.0,0.0,0.0,23.4,339.7,9.0,8.0,51.1,0.0,0.0,0.0,20.2,333.9,1024.0,24.1,5.7,6.0,2025-04-27 10:00:00,1,0,0,0,0,0,0,0,,,2025-04-27,,,,,,,,,,
Cherkasy,0.0,0.0,0.0,23.4,339.7,9.0,8.7,49.82,0.0,0.0,0.0,20.9,335.6,1024.0,24.1,27.1,7.0,2025-04-27 11:00:00,0,0,0,0,0,0,1,0,,,2025-04-27,,,,,,,,,,
Cherkasy,0.0,0.0,0.0,23.4,339.7,9.0,9.6,38.67,0.0,0.0,0.0,21.6,338.5,1025.0,24.1,68.9,8.0,2025-04-27 12:00:00,0,0,0,0,0,0,1,0,,,2025-04-27,,,,,,,,,,
Cherkasy,0.0,0.0,0.0,23.4,339.7,9.0,9.9,36.78,0.0,0.0,0.0,22.7,336.2,1025.0,24.1,59.0,9.0,2025-04-27 13:00:00,0,0,0,0,0,0,1,0,,,2025-04-27,,,,,,,,,,
Cherkasy,0.0,0.0,0.0,23.4,339.7,9.0,10.1,34.43,0.0,0.0,0.0,23.4,335.9,1025.0,24.1,62.0,9.0,2025-04-27 14:00:00,0,0,0,0,0,0,1,0,,,2025-04-27,,,,,,,,,,
Cherkasy,0.0,0.0,0.0,23.4,339.7,9.0,10.6,32.3,0.0,0.0,0.0,23.0,334.4,1025.0,24.1,62.4,8.0,2025-04-27 15:00:00,0,0,0,0,0,0,1,0,,,2025-04-27,,,,,,,,,,
Cherkasy,0.0,0.0,0.0,23.4,339.7,9.0,10.6,32.3,0.0,0.0,0.0,22.3,338.3,1025.0,24.1,12.9,7.0,2025-04-27 16:00:00,1,0,0,0,0,0,0,0,,,2025-04-27,,,,,,,,,,
Cherkasy,0.0,0.0,0.0,23.4,339.7,9.0,10.4,32.25,0.0,0.0,0.0,20.5,343.2,1025.0,24.1,13.3,5.0,2025-04-27 17:00:00,1,0,0,0,0,0,0,0,,,2025-04-27,,,,,,,,,,
Cherkasy,0.0,0.0,0.0,23.4,339.7,9.0,10.1,31.43,0.0,0.0,0.0,18.7,345.4,1026.0,24.1,22.1,4.0,2025-04-27 18:00:00,0,0,0,0,0,0,1,0,,,2025-04-27,,,,,,,,,,
Cherkasy,0.0,0.0,0.0,23.4,339.7,9.0,9.4,31.95,0.0,0.0,0.0,16.2,350.8,1027.0,24.1,27.8,2.0,2025-04-27 19:00:00,0,0,0,0,0,0,1,0,,,2025-04-27,,,,,,,,,,
Cherkasy,0.0,0.0,0.0,23.4,339.7,9.0,8.5,34.47,0.0,0.0,0.0,13.7,355.1,1027.0,24.1,4.8,0.0,2025-04-27 20:00:00,1,0,0,0,0,0,0,0,,,2025-04-27,,,,,,,,,,
Cherkasy,0.0,0.0,0.0,23.4,339.7,9.0,7.6,39.25,0.0,0.0,0.0,10.8,356.2,1029.0,24.1,0.0,0.0,2025-04-27 21:00:00,1,0,0,0,0,0,0,0,,,2025-04-27,,,,,,,,,,
Cherkasy,0.0,0.0,0.0,23.4,339.7,9.0,6.6,44.99,0.0,0.0,0.0,7.6,7.0,1029.0,24.1,0.0,0.0,2025-04-27 22:00:00,1,0,0,0,0,0,0,0,,,2025-04-27,,,,,,,,,,
Cherkasy,0.0,0.0,0.0,23.4,339.7,9.0,6.0,49.79,0.0,0.0,0.0,3.6,9.4,1029.0,24.1,0.0,0.0,2025-04-27 23:00:00,1,0,0,0,0,0,0,0,,,2025-04-27,,,,,,,,,,
Zhytomyr,0.0,0.0,0.0,16.2,343.7,8.0,5.6,45.38,0.0,0.0,0.0,7.2,345.2,1023.0,24.1,24.0,0.0,2025-04-27 00:00:00,0,0,0,0,0,0,1,0,,,2025-04-27,,,,,,,,,,
Zhytomyr,0.0,0.0,0.0,16.2,343.7,8.0,4.6,48.28,0.0,0.0,0.0,6.5,345.6,1023.0,24.1,33.1,0.0,2025-04-27 01:00:00,0,0,0,0,0,0,1,0,,,2025-04-27,,,,,,,,,,
Zhytomyr,0.0,0.0,0.0,16.2,343.7,8.0,4.0,49.59,0.0,0.0,0.0,6.1,345.2,1024.0,24.1,32.9,0.0,2025-04-27 02:00:00,0,0,0,0,0,0,1,0,,,2025-04-27,,,,,,,,,,
Zhytomyr,0.0,0.0,0.0,16.2,343.7,8.0,2.4,59.44,0.0,0.0,0.0,5.8,326.9,1024.0,24.1,25.7,0.0,2025-04-27 03:00:00,0,0,0,0,0,0,1,0,,,2025-04-27,,,,,,,,,,
Zhytomyr,0.0,0.0,0.0,16.2,343.7,8.0,1.7,62.02,0.0,0.0,0.0,6.5,329.3,1025.0,24.1,4.6,0.0,2025-04-27 04:00:00,1,0,0,0,0,0,0,0,,,2025-04-27,,,,,,,,,,
Zhytomyr,0.0,0.0,0.0,16.2,343.7,8.0,1.2,63.8,0.0,0.0,0.0,6.5,329.0,1025.0,24.1,0.0,0.0,2025-04-27 05:00:00,1,0,0,0,0,0,0,0,,,2025-04-27,,,,,,,,,,
Zhytomyr,0.0,0.0,0.0,16.2,343.7,8.0,0.8,66.16,0.0,0.0,0.0,6.8,332.6,1025.0,24.1,0.0,0.0,2025-04-27 06:00:00,1,0,0,0,0,0,0,0,,,2025-04-27,,,,,,,,,,
Zhytomyr,0.0,0.0,0.0,16.2,343.7,8.0,1.6,63.41,0.0,0.0,0.0,6.8,333.9,1026.0,24.1,0.0,1.0,2025-04-27 07:00:00,1,0,0,0,0,0,0,0,,,2025-04-27,,,,,,,,,,
Zhytomyr,0.0,0.0,0.0,16.2,343.7,8.0,3.7,57.15,0.0,0.0,0.0,9.4,341.2,1027.0,24.1,0.0,2.0,2025-04-27 08:00:00,1,0,0,0,0,0,0,0,,,2025-04-27,,,,,,,,,,
Zhytomyr,0.0,0.0,0.0,16.2,343.7,8.0,5.8,50.86,0.0,0.0,0.0,10.4,347.6,1027.0,24.1,0.0,4.0,2025-04-27 09:00:00,1,0,0,0,0,0,0,0,,,2025-04-27,,,,,,,,,,
Zhytomyr,0.0,0.0,0.0,16.2,343.7,8.0,7.4,44.55,0.0,0.0,0.0,13.0,350.4,1027.0,24.1,0.0,5.0,2025-04-27 10:00:00,1,0,0,0,0,0,0,0,,,2025-04-27,,,,,,,,,,
Zhytomyr,0.0,0.0,0.0,16.2,343.7,8.0,8.6,39.25,0.0,0.0,0.0,15.8,352.3,1027.0,24.1,43.8,7.0,2025-04-27 11:00:00,0,0,0,0,0,0,1,0,,,2025-04-27,,,,,,,,,,
Zhytomyr,0.0,0.0,0.0,16.2,343.7,8.0,9.5,34.25,0.0,0.0,0.0,16.2,349.0,1028.0,24.1,88.0,8.0,2025-04-27 12:00:00,0,0,0,0,0,0,1,0,,,2025-04-27,,,,,,,,,,
Zhytomyr,0.0,0.0,0.0,16.2,343.7,8.0,10.6,31.58,0.0,0.0,0.0,15.1,343.6,1028.0,24.1,29.8,8.0,2025-04-27 13:00:00,0,0,0,0,0,0,1,0,,,2025-04-27,,,,,,,,,,
Zhytomyr,0.0,0.0,0.0,16.2,343.7,8.0,11.4,29.72,0.0,0.0,0.0,15.5,347.4,1027.0,24.1,31.0,8.0,2025-04-27 14:00:00,0,0,0,0,0,0,1,0,,,2025-04-27,,,,,,,,,,
Zhytomyr,0.0,0.0,0.0,16.2,343.7,8.0,11.7,29.8,0.0,0.0,0.0,14.8,345.9,1027.0,24.1,9.9,8.0,2025-04-27 15:00:00,1,0,0,0,0,0,0,0,,,2025-04-27,,,,,,,,,,
Zhytomyr,0.0,0.0,0.0,16.2,343.7,8.0,11.8,30.52,0.0,0.0,0.0,13.7,344.3,1027.0,24.1,21.0,7.0,2025-04-27 16:00:00,0,0,0,0,0,0,1,0,,,2025-04-27,,,,,,,,,,
Zhytomyr,0.0,0.0,0.0,16.2,343.7,8.0,11.6,31.4,0.0,0.0,0.0,13.0,342.0,1027.0,24.1,20.4,5.0,2025-04-27 17:00:00,0,0,0,0,0,0,1,0,,,2025-04-27,,,,,,,,,,
Zhytomyr,0.0,0.0,0.0,16.2,343.7,8.0,11.1,33.2,0.0,0.0,0.0,12.2,339.8,1027.0,24.1,30.0,4.0,2025-04-27 18:00:00,0,0,0,0,0,0,1,0,,,2025-04-27,,,,,,,,,,
Zhytomyr,0.0,0.0,0.0,16.2,343.7,8.0,10.3,33.97,0.0,0.0,0.0,10.8,340.7,1028.0,24.1,29.0,2.0,2025-04-27 19:00:00,0,0,0,0,0,0,1,0,,,2025-04-27,,,,,,,,,,
Zhytomyr,0.0,0.0,0.0,16.2,343.7,8.0,8.8,37.86,0.0,0.0,0.0,6.8,343.9,1028.0,24.1,24.2,1.0,2025-04-27 20:00:00,0,0,0,0,0,0,1,0,,,2025-04-27,,,,,,,,,,
Zhytomyr,0.0,0.0,0.0,16.2,343.7,8.0,6.9,47.5,0.0,0.0,0.0,3.2,333.2,1030.0,24.1,0.0,0.0,2025-04-27 21:00:00,1,0,0,0,0,0,0,0,,,2025-04-27,,,,,,,,,,
Zhytomyr,0.0,0.0,0.0,16.2,343.7,8.0,5.8,52.01,0.0,0.0,0.0,2.9,1.6,1030.0,24.1,0.0,0.0,2025-04-27 22:00:00,1,0,0,0,0,0,0,0,,,2025-04-27,,,,,,,,,,
Zhytomyr,0.0,0.0,0.0,16.2,343.7,8.0,5.2,53.42,0.0,0.0,0.0,1.8,17.9,1030.0,24.1,0.0,0.0,2025-04-27 23:00:00,1,0,0,0,0,0,0,0,,,2025-04-27,,,,,,,,,,
Poltava,0.3,8.33,0.0,20.5,328.8,8.0,6.0,56.07,0.0,0.0,0.0,7.9,333.0,1018.0,24.1,45.1,0.0,2025-04-27 00:00:00,0,0,0,0,0,0,1,0,,,2025-04-27,,,,,,,,,,
Poltava,0.3,8.33,0.0,20.5,328.8,8.0,5.0,57.07,0.0,0.0,0.0,8.3,331.2,1018.0,24.1,38.1,0.0,2025-04-27 01:00:00,0,0,0,0,0,0,1,0,,,2025-04-27,,,,,,,,,,
Poltava,0.3,8.33,0.0,20.5,328.8,8.0,4.5,58.22,0.0,0.0,0.0,9.7,337.0,1018.0,24.1,62.1,0.0,2025-04-27 02:00:00,0,0,0,0,0,0,1,0,,,2025-04-27,,,,,,,,,,
Poltava,0.3,8.33,0.0,20.5,328.8,8.0,3.7,60.67,0.0,0.0,0.0,9.4,339.0,1019.0,24.1,60.9,0.0,2025-04-27 03:00:00,0,0,0,0,0,0,1,0,,,2025-04-27,,,,,,,,,,
Poltava,0.3,8.33,0.0,20.5,328.8,8.0,3.4,59.7,0.0,0.0,0.0,9.0,336.8,1018.0,24.1,68.8,0.0,2025-04-27 04:00:00,0,0,0,0,0,0,1,0,,,2025-04-27,,,,,,,,,,
Poltava,0.3,8.33,0.0,20.5,328.8,8.0,2.6,63.18,0.0,0.0,0.0,9.7,329.2,1019.0,24.1,19.1,0.0,2025-04-27 05:00:00,1,0,0,0,0,0,0,0,,,2025-04-27,,,,,,,,,,
Poltava,0.3,8.33,0.0,20.5,328.8,8.0,2.2,62.14,0.0,0.0,0.0,10.1,326.0,1019.0,24.1,0.0,0.0,2025-04-27 06:00:00,1,0,0,0,0,0,0,0,,,2025-04-27,,,,,,,,,,
Poltava,0.3,8.33,0.0,20.5,328.8,8.0,3.3,59.67,0.0,0.0,0.0,10.8,326.8,1020.0,24.1,0.0,1.0,2025-04-27 07:00:00,1,0,0,0,0,0,0,0,,,2025-04-27,,,,,,,,,,
Poltava,0.3,8.33,0.0,20.5,328.8,8.0,5.1,55.42,0.0,0.0,0.0,11.9,325.5,1021.0,24.1,0.0,3.0,2025-04-27 08:00:00,1,0,0,0,0,0,0,0,,,2025-04-27,,,,,,,,,,
Poltava,0.3,8.33,0.0,20.5,328.8,8.0,6.8,52.68,0.0,0.0,0.0,13.7,322.3,1022.0,24.1,0.0,5.0,2025-04-27 09:00:00,1,0,0,0,0,0,0,0,,,2025-04-27,,,,,,,,,,
Poltava,0.3,8.33,0.0,20.5,328.8,8.0,7.5,45.59,0.0,0.0,0.0,16.2,323.1,1021.0,24.1,100.0,6.0,2025-04-27 10:00:00,0,0,0,1,0,0,0,0,,,2025-04-27,,,,,,,,,,
Poltava,0.3,8.33,0.0,20.5,328.8,8.0,8.7,40.18,0.0,0.0,0.0,19.8,325.4,1021.0,24.1,74.5,6.0,2025-04-27 11:00:00,0,0,0,0,0,0,1,0,,,2025-04-27,,,,,,,,,,
Poltava,0.3,8.33,0.0,20.5,328.8,8.0,9.2,39.14,0.0,0.0,0.0,19.4,323.2,1022.0,24.1,48.8,6.0,2025-04-27 12:00:00,0,0,0,0,0,0,1,0,,,2025-04-27,,,,,,,,,,
Poltava,0.3,8.33,0.0,20.5,328.8,8.0,9.7,35.63,0.0,0.0,0.0,19.8,323.8,1022.0,24.1,45.1,8.0,2025-04-27 13:00:00,0,0,0,0,0,0,1,0,,,2025-04-27,,,,,,,,,,
Poltava,0.3,8.33,0.0,20.5,328.8,8.0,9.6,34.02,0.0,0.0,0.0,20.2,323.4,1022.0,24.1,62.5,7.0,2025-04-27 14:00:00,0,0,0,0,0,0,1,0,,,2025-04-27,,,,,,,,,,
Poltava,0.3,8.33,0.0,20.5,328.8,8.0,9.4,33.96,0.0,0.0,0.0,20.5,327.3,1022.0,24.1,84.8,6.0,2025-04-27 15:00:00,0,0,0,0,0,0,1,0,,,2025-04-27,,,,,,,,,,
Poltava,0.3,8.33,0.0,20.5,328.8,8.0,8.9,35.39,0.2,100.0,0.0,20.2,328.3,1023.0,24.1,89.6,5.0,2025-04-27 16:00:00,0,0,0,0,1,0,1,0,,,2025-04-27,,,,,,,,,,
Poltava,0.3,8.33,0.0,20.5,328.8,8.0,8.4,36.06,0.1,100.0,0.0,19.4,332.1,1023.0,24.1,80.4,5.0,2025-04-27 17:00:00,0,0,0,0,1,0,1,0,,,2025-04-27,,,,,,,,,,
Poltava,0.3,8.33,0.0,20.5,328.8,8.0,7.9,35.9,0.0,0.0,0.0,17.6,339.9,1024.0,24.1,50.9,3.0,2025-04-27 18:00:00,0,0,0,0,0,0,1,0,,,2025-04-27,,,,,,,,,,
Poltava,0.3,8.33,0.0,20.5,328.8,8.0,6.9,37.86,0.0,3.2,0.0,14.4,343.4,1025.0,24.1,33.0,2.0,2025-04-27 19:00:00,0,0,0,0,0,0,1,0,,,2025-04-27,,,,,,,,,,
Poltava,0.3,8.33,0.0,20.5,328.8,8.0,5.1,44.88,0.0,3.2,0.0,8.3,339.1,1026.0,24.1,0.0,0.0,2025-04-27 20:00:00,1,0,0,0,0,0,0,0,,,2025-04-27,,,,,,,,,,
Poltava,0.3,8.33,0.0,20.5,328.8,8.0,3.5,53.35,0.0,3.2,0.0,6.1,320.4,1027.0,24.1,0.0,0.0,2025-04-27 21:00:00,1,0,0,0,0,0,0,0,,,2025-04-27,,,,,,,,,,
Poltava,0.3,8.33,0.0,20.5,328.8,8.0,2.8,56.06,0.0,0.0,0.0,6.1,316.4,1027.0,24.1,0.0,0.0,2025-04-27 22:00:00,1,0,0,0,0,0,0,0,,,2025-04-27,,,,,,,,,,
Poltava,0.3,8.33,0.0,20.5,328.8,8.0,2.1,58.03,0.0,0.0,0.0,6.1,322.2,1028.0,24.1,0.0,0.0,2025-04-27 23:00:00,1,0,0,0,0,0,0,0,,,2025-04-27,,,,,,,,,,
Lutsk,0.0,0.0,0.0,12.2,357.4,8.0,5.2,57.12,0.0,0.0,0.0,5.0,356.6,1025.0,24.1,0.0,0.0,2025-04-27 00:00:00,1,0,0,0,0,0,0,0,,,2025-04-27,,,,,,,,,,
Lutsk,0.0,0.0,0.0,12.2,357.4,8.0,4.5,59.98,0.0,0.0,0.0,6.1,359.7,1026.0,24.1,0.0,0.0,2025-04-27 01:00:00,1,0,0,0,0,0,0,0,,,2025-04-27,,,,,,,,,,
Lutsk,0.0,0.0,0.0,12.2,357.4,8.0,4.0,60.3,0.0,0.0,0.0,6.5,16.2,1026.0,24.1,0.0,0.0,2025-04-27 02:00:00,1,0,0,0,0,0,0,0,,,2025-04-27,,,,,,,,,,
Lutsk,0.0,0.0,0.0,12.2,357.4,8.0,2.9,65.16,0.0,0.0,0.0,4.7,6.9,1027.0,24.1,0.0,0.0,2025-04-27 03:00:00,1,0,0,0,0,0,0,0,,,2025-04-27,,,,,,,,,,
Lutsk,0.0,0.0,0.0,12.2,357.4,8.0,2.0,69.47,0.0,0.0,0.0,4.3,345.0,1027.0,24.1,0.0,0.0,2025-04-27 04:00:00,1,0,0,0,0,0,0,0,,,2025-04-27,,,,,,,,,,
Lutsk,0.0,0.0,0.0,12.2,357.4,8.0,1.2,73.02,0.0,0.0,0.0,4.3,335.2,1028.0,24.1,0.0,0.0,2025-04-27 05:00:00,1,0,0,0,0,0,0,0,,,2025-04-27,,,,,,,,,,
Lutsk,0.0,0.0,0.0,12.2,357.4,8.0,0.7,74.02,0.0,0.0,0.0,4.0,328.5,1028.0,24.1,0.0,0.0,2025-04-27 06:00:00,1,0,0,0,0,0,0,0,,,2025-04-27,,,,,,,,,,
Lutsk,0.0,0.0,0.0,12.2,357.4,8.0,0.6,74.56,0.0,0.0,0.0,3.6,333.0,1028.0,24.1,0.0,0.0,2025-04-27 07:00:00,1,0,0,0,0,0,0,0,,,2025-04-27,,,,,,,,,,
Lutsk,0.0,0.0,0.0,12.2,357.4,8.0,2.7,67.58,0.0,0.0,0.0,4.0,343.6,1029.0,24.1,0.0,2.0,2025-04-27 08:00:00,1,0,0,0,0,0,0,0,,,2025-04-27,,,,,,,,,,
Lutsk,0.0,0.0,0.0,12.2,357.4,8.0,5.3,57.57,0.0,0.0,0.0,6.1,0.3,1029.0,24.1,0.0,3.0,2025-04-27 09:00:00,1,0,0,0,0,0,0,0,,,2025-04-27,,,,,,,,,,
Lutsk,0.0,0.0,0.0,12.2,357.4,8.0,7.5,50.96,0.0,0.0,0.0,7.2,8.5,1029.0,24.1,0.0,5.0,2025-04-27 10:00:00,1,0,0,0,0,0,0,0,,,2025-04-27,,,,,,,,,,
Lutsk,0.0,0.0,0.0,12.2,357.4,8.0,9.0,46.71,0.0,0.0,0.0,10.4,9.9,1029.0,24.1,0.0,6.0,2025-04-27 11:00:00,1,0,0,0,0,0,0,0,,,2025-04-27,,,,,,,,,,
Lutsk,0.0,0.0,0.0,12.2,357.4,8.0,10.1,44.35,0.0,0.0,0.0,11.5,3.1,1029.0,24.1,30.7,8.0,2025-04-27 12:00:00,0,0,0,0,0,0,1,0,,,2025-04-27,,,,,,,,,,
Lutsk,0.0,0.0,0.0,12.2,357.4,8.0,10.8,43.27,0.0,0.0,0.0,12.2,0.9,1029.0,24.1,47.6,8.0,2025-04-27 13:00:00,0,0,0,0,0,0,1,0,,,2025-04-27,,,,,,,,,,
Lutsk,0.0,0.0,0.0,12.2,357.4,8.0,11.4,43.13,0.0,0.0,0.0,11.9,2.6,1029.0,24.1,48.8,8.0,2025-04-27 14:00:00,0,0,0,0,0,0,1,0,,,2025-04-27,,,,,,,,,,
Lutsk,0.0,0.0,0.0,12.2,357.4,8.0,11.8,42.01,0.0,0.0,0.0,11.5,2.2,1029.0,24.1,55.6,8.0,2025-04-27 15:00:00,0,0,0,0,0,0,1,0,,,2025-04-27,,,,,,,,,,
Lutsk,0.0,0.0,0.0,12.2,357.4,8.0,11.8,40.8,0.0,0.0,0.0,10.4,1.0,1029.0,24.1,54.2,7.0,2025-04-27 16:00:00,0,0,0,0,0,0,1,0,,,2025-04-27,,,,,,,,,,
Lutsk,0.0,0.0,0.0,12.2,357.4,8.0,11.8,41.1,0.0,0.0,0.0,9.7,357.4,1029.0,24.1,48.9,6.0,2025-04-27 17:00:00,0,0,0,0,0,0,1,0,,,2025-04-27,,,,,,,,,,
Lutsk,0.0,0.0,0.0,12.2,357.4,8.0,11.5,41.92,0.0,0.0,0.0,9.0,353.8,1028.0,24.1,36.3,4.0,2025-04-27 18:00:00,0,0,0,0,0,0,1,0,,,2025-04-27,,,,,,,,,,
Lutsk,0.0,0.0,0.0,12.2,357.4,8.0,11.0,42.7,0.0,0.0,0.0,7.9,351.4,1029.0,24.1,35.9,3.0,2025-04-27 19:00:00,0,0,0,0,0,0,1,0,,,2025-04-27,,,,,,,,,,
Lutsk,0.0,0.0,0.0,12.2,357.4,8.0,9.8,49.76,0.0,0.0,0.0,4.3,352.0,1029.0,24.1,21.8,1.0,2025-04-27 20:00:00,0,0,0,0,0,0,1,0,,,2025-04-27,,,,,,,,,,
Lutsk,0.0,0.0,0.0,12.2,357.4,8.0,8.4,56.7,0.0,0.0,0.0,2.5,342.7,1030.0,24.1,0.0,0.0,2025-04-27 21:00:00,1,0,0,0,0,0,0,0,,,2025-04-27,,,,,,,,,,
Lutsk,0.0,0.0,0.0,12.2,357.4,8.0,7.3,60.24,0.0,0.0,0.0,2.2,327.1,1030.0,24.1,0.0,0.0,2025-04-27 22:00:00,1,0,0,0,0,0,0,0,,,2025-04-27,,,,,,,,,,
Lutsk,0.0,0.0,0.0,12.2,357.4,8.0,6.6,62.74,0.0,0.0,0.0,1.8,324.1,1030.0,24.1,0.0,0.0,2025-04-27 23:00:00,1,0,0,0,0,0,0,0,,,2025-04-27,,,,,,,,,,
Donetsk,0.0,0.0,0.0,19.4,334.1,8.0,5.3,62.89,0.0,0.0,0.0,18.4,4.1,1014.0,24.1,90.5,0.0,2025-04-27 00:00:00,0,0,0,1,0,0,0,0,,,2025-04-27,,,,,,,,,,
Donetsk,0.0,0.0,0.0,19.4,334.1,8.0,4.3,60.37,0.0,0.0,0.0,15.1,4.6,1015.0,24.1,3.1,0.0,2025-04-27 01:00:00,1,0,0,0,0,0,0,0,,,2025-04-27,,,,,,,,,,
Donetsk,0.0,0.0,0.0,19.4,334.1,8.0,3.8,62.07,0.0,0.0,0.0,13.0,4.0,1015.0,24.1,0.0,0.0,2025-04-27 02:00:00,1,0,0,0,0,0,0,0,,,2025-04-27,,,,,,,,,,
Donetsk,0.0,0.0,0.0,19.4,334.1,8.0,3.0,71.76,0.0,0.0,0.0,12.2,351.0,1015.0,24.1,0.0,0.0,2025-04-27 03:00:00,1,0,0,0,0,0,0,0,,,2025-04-27,,,,,,,,,,
Donetsk,0.0,0.0,0.0,19.4,334.1,8.0,2.5,77.13,0.0,0.0,0.0,12.2,344.0,1015.0,24.1,0.0,0.0,2025-04-27 04:00:00,1,0,0,0,0,0,0,0,,,2025-04-27,,,,,,,,,,
Donetsk,0.0,0.0,0.0,19.4,334.1,8.0,2.3,79.97,0.0,0.0,0.0,10.8,340.4,1015.0,24.1,0.0,0.0,2025-04-27 05:00:00,1,0,0,0,0,0,0,0,,,2025-04-27,,,,,,,,,,
Donetsk,0.0,0.0,0.0,19.4,334.1,8.0,2.3,82.34,0.0,0.0,0.0,9.4,333.2,1015.0,24.1,0.0,0.0,2025-04-27 06:00:00,1,0,0,0,0,0,0,0,,,2025-04-27,,,,,,,,,,
Donetsk,0.0,0.0,0.0,19.4,334.1,8.0,3.8,76.78,0.0,0.0,0.0,10.8,333.0,1017.0,24.1,0.0,1.0,2025-04-27 07:00:00,1,0,0,0,0,0,0,0,,,2025-04-27,,,,,,,,,,
Donetsk,0.0,0.0,0.0,19.4,334.1,8.0,5.8,65.82,0.0,0.0,0.0,12.6,339.7,1017.0,24.1,0.0,3.0,2025-04-27 08:00:00,1,0,0,0,0,0,0,0,,,2025-04-27,,,,,,,,,,
Donetsk,0.0,0.0,0.0,19.4,334.1,8.0,7.8,48.12,0.0,0.0,0.0,11.9,338.3,1018.0,24.1,41.2,5.0,2025-04-27 09:00:00,0,0,0,0,0,0,1,0,,,2025-04-27,,,,,,,,,,
Donetsk,0.0,0.0,0.0,19.4,334.1,8.0,9.2,34.68,0.0,0.0,0.0,17.3,345.8,1018.0,24.1,31.1,7.0,2025-04-27 10:00:00,0,0,0,0,0,0,1,0,,,2025-04-27,,,,,,,,,,
Donetsk,0.0,0.0,0.0,19.4,334.1,8.0,9.1,31.86,0.0,0.0,0.0,18.7,337.7,1019.0,24.1,74.4,8.0,2025-04-27 11:00:00,0,0,0,0,0,0,1,0,,,2025-04-27,,,,,,,,,,
Donetsk,0.0,0.0,0.0,19.4,334.1,8.0,9.8,30.39,0.0,0.0,0.0,18.0,334.0,1019.0,24.1,79.2,8.0,2025-04-27 12:00:00,0,0,0,0,0,0,1,0,,,2025-04-27,,,,,,,,,,
Donetsk,0.0,0.0,0.0,19.4,334.1,8.0,10.8,24.54,0.0,0.0,0.0,19.1,330.1,1019.0,24.1,94.6,8.0,2025-04-27 13:00:00,0,0,0,1,0,0,0,0,,,2025-04-27,,,,,,,,,,
Donetsk,0.0,0.0,0.0,19.4,334.1,8.0,10.8,22.51,0.0,0.0,0.0,19.1,323.6,1019.0,24.1,100.0,8.0,2025-04-27 14:00:00,0,0,0,1,0,0,0,0,,,2025-04-27,,,,,,,,,,
Donetsk,0.0,0.0,0.0,19.4,334.1,8.0,11.0,23.11,0.0,0.0,0.0,18.4,321.6,1019.0,24.1,45.3,7.0,2025-04-27 15:00:00,0,0,0,0,0,0,1,0,,,2025-04-27,,,,,,,,,,
Donetsk,0.0,0.0,0.0,19.4,334.1,8.0,10.6,23.0,0.0,0.0,0.0,19.1,310.3,1019.0,24.1,100.0,5.0,2025-04-27 16:00:00,0,0,0,1,0,0,0,0,,,2025-04-27,,,,,,,,,,
Donetsk,0.0,0.0,0.0,19.4,334.1,8.0,10.3,25.57,0.0,0.0,0.0,19.4,309.1,1019.0,24.1,65.2,4.0,2025-04-27 17:00:00,0,0,0,0,0,0,1,0,,,2025-04-27,,,,,,,,,,
Donetsk,0.0,0.0,0.0,19.4,334.1,8.0,9.0,33.84,0.0,0.0,0.0,19.4,322.9,1020.0,24.1,80.8,2.0,2025-04-27 18:00:00,0,0,0,0,0,0,1,0,,,2025-04-27,,,,,,,,,,
Donetsk,0.0,0.0,0.0,19.4,334.1,8.0,7.5,42.62,0.0,0.0,0.0,16.6,333.2,1022.0,24.1,43.8,1.0,2025-04-27 19:00:00,0,0,0,0,0,0,1,0,,,2025-04-27,,,,,,,,,,
Donetsk,0.0,0.0,0.0,19.4,334.1,8.0,6.5,44.62,0.0,0.0,0.0,10.1,326.7,1023.0,24.1,26.1,0.0,2025-04-27 20:00:00,0,0,0,0,0,0,1,0,,,2025-04-27,,,,,,,,,,
Donetsk,0.0,0.0,0.0,19.4,334.1,8.0,5.7,43.71,0.0,0.0,0.0,11.9,327.8,1024.0,24.1,0.0,0.0,2025-04-27 21:00:00,1,0,0,0,0,0,0,0,,,2025-04-27,,,,,,,,,,
Donetsk,0.0,0.0,0.0,19.4,334.1,8.0,4.7,49.04,0.0,0.0,0.0,9.0,318.9,1024.0,24.1,0.0,0.0,2025-04-27 22:00:00,1,0,0,0,0,0,0,0,,,2025-04-27,,,,,,,,,,
Donetsk,0.0,0.0,0.0,19.4,334.1,8.0,3.8,53.03,0.0,0.0,0.0,9.4,317.4,1025.0,24.1,0.0,0.0,2025-04-27 23:00:00,1,0,0,0,0,0,0,0,,,2025-04-27,,,,,,,,,,
Luhansk,0.0,0.0,0.0,19.8,325.5,8.0,5.4,69.16,0.0,0.0,0.0,17.3,349.7,1013.0,24.1,100.0,0.0,2025-04-27 00:00:00,0,0,0,1,0,0,0,0,,,2025-04-27,,,,,,,,,,
Luhansk,0.0,0.0,0.0,19.8,325.5,8.0,4.6,67.99,0.0,0.0,0.0,16.9,351.2,1014.0,24.1,92.6,0.0,2025-04-27 01:00:00,0,0,0,1,0,0,0,0,,,2025-04-27,,,,,,,,,,
Luhansk,0.0,0.0,0.0,19.8,325.5,8.0,3.6,70.83,0.0,0.0,0.0,14.4,352.2,1014.0,24.1,4.7,0.0,2025-04-27 02:00:00,1,0,0,0,0,0,0,0,,,2025-04-27,,,,,,,,,,
Luhansk,0.0,0.0,0.0,19.8,325.5,8.0,2.5,81.17,0.0,0.0,0.0,10.8,337.1,1014.0,24.1,0.0,0.0,2025-04-27 03:00:00,1,0,0,0,0,0,0,0,,,2025-04-27,,,,,,,,,,
Luhansk,0.0,0.0,0.0,19.8,325.5,8.0,2.0,82.9,0.0,0.0,0.0,11.2,338.1,1014.0,24.1,6.2,0.0,2025-04-27 04:00:00,1,0,0,0,0,0,0,0,,,2025-04-27,,,,,,,,,,
Luhansk,0.0,0.0,0.0,19.8,325.5,8.0,1.6,84.68,0.0,0.0,0.0,9.0,334.2,1014.0,24.1,2.9,0.0,2025-04-27 05:00:00,1,0,0,0,0,0,0,0,,,2025-04-27,,,,,,,,,,
Luhansk,0.0,0.0,0.0,19.8,325.5,8.0,1.7,83.47,0.0,0.0,0.0,7.9,325.8,1014.0,24.1,0.0,0.0,2025-04-27 06:00:00,1,0,0,0,0,0,0,0,,,2025-04-27,,,,,,,,,,
Luhansk,0.0,0.0,0.0,19.8,325.5,8.0,3.1,77.23,0.0,0.0,0.0,10.4,324.9,1015.0,24.1,4.1,2.0,2025-04-27 07:00:00,1,0,0,0,0,0,0,0,,,2025-04-27,,,,,,,,,,
Luhansk,0.0,0.0,0.0,19.8,325.5,8.0,5.1,67.12,0.0,0.0,0.0,13.0,334.4,1016.0,24.1,0.0,4.0,2025-04-27 08:00:00,1,0,0,0,0,0,0,0,,,2025-04-27,,,,,,,,,,
Luhansk,0.0,0.0,0.0,19.8,325.5,8.0,7.1,53.15,0.0,0.0,0.0,11.2,328.7,1017.0,24.1,0.0,5.0,2025-04-27 09:00:00,1,0,0,0,0,0,0,0,,,2025-04-27,,,,,,,,,,
Luhansk,0.0,0.0,0.0,19.8,325.5,8.0,8.8,34.3,0.0,0.0,0.0,16.9,341.6,1017.0,24.1,39.7,7.0,2025-04-27 10:00:00,0,0,0,0,0,0,1,0,,,2025-04-27,,,,,,,,,,
Luhansk,0.0,0.0,0.0,19.8,325.5,8.0,9.3,29.55,0.0,0.0,0.0,18.7,332.7,1017.0,24.1,78.6,8.0,2025-04-27 11:00:00,0,0,0,0,0,0,1,0,,,2025-04-27,,,,,,,,,,
Luhansk,0.0,0.0,0.0,19.8,325.5,8.0,9.4,27.37,0.0,0.0,0.0,19.8,326.4,1018.0,24.1,100.0,8.0,2025-04-27 12:00:00,0,0,0,1,0,0,0,0,,,2025-04-27,,,,,,,,,,
Luhansk,0.0,0.0,0.0,19.8,325.5,8.0,9.7,26.41,0.0,0.0,0.0,19.4,322.4,1018.0,24.1,100.0,7.0,2025-04-27 13:00:00,0,0,0,1,0,0,0,0,,,2025-04-27,,,,,,,,,,
Luhansk,0.0,0.0,0.0,19.8,325.5,8.0,10.1,27.15,0.0,0.0,0.0,18.4,318.8,1018.0,24.1,63.5,7.0,2025-04-27 14:00:00,0,0,0,0,0,0,1,0,,,2025-04-27,,,,,,,,,,
Luhansk,0.0,0.0,0.0,19.8,325.5,8.0,10.7,24.71,0.0,0.0,0.0,16.2,317.9,1018.0,24.1,100.0,5.0,2025-04-27 15:00:00,0,0,0,1,0,0,0,0,,,2025-04-27,,,,,,,,,,
Luhansk,0.0,0.0,0.0,19.8,325.5,8.0,10.5,24.65,0.0,0.0,0.0,16.2,312.1,1018.0,24.1,63.8,5.0,2025-04-27 16:00:00,0,0,0,0,0,0,1,0,,,2025-04-27,,,,,,,,,,
Luhansk,0.0,0.0,0.0,19.8,325.5,8.0,10.1,26.94,0.0,0.0,0.0,16.9,313.0,1018.0,24.1,99.2,4.0,2025-04-27 17:00:00,0,0,0,1,0,0,0,0,,,2025-04-27,,,,,,,,,,
Luhansk,0.0,0.0,0.0,19.8,325.5,8.0,9.0,34.36,0.0,0.0,0.0,16.6,310.0,1019.0,24.1,95.2,2.0,2025-04-27 18:00:00,0,0,0,1,0,0,0,0,,,2025-04-27,,,,,,,,,,
Luhansk,0.0,0.0,0.0,19.8,325.5,8.0,7.6,44.28,0.0,51.6,0.0,13.7,311.3,1020.0,17.7,93.7,1.0,2025-04-27 19:00:00,0,0,0,1,1,0,0,0,,,2025-04-27,,,,,,,,,,
Luhansk,0.0,0.0,0.0,19.8,325.5,8.0,6.6,49.22,0.0,51.6,0.0,13.3,309.5,1022.0,15.1,100.0,0.0,2025-04-27 20:00:00,0,0,0,1,1,0,0,0,,,2025-04-27,,,,,,,,,,
Luhansk,0.0,0.0,0.0,19.8,325.5,8.0,5.5,56.78,0.0,51.6,0.0,10.8,301.9,1022.0,24.1,36.8,0.0,2025-04-27 21:00:00,0,0,0,0,1,0,1,0,,,2025-04-27,,,,,,,,,,
Luhansk,0.0,0.0,0.0,19.8,325.5,8.0,4.8,57.87,0.0,6.5,0.0,11.5,302.0,1023.0,24.1,35.2,0.0,2025-04-27 22:00:00,0,0,0,0,0,0,1,0,,,2025-04-27,,,,,,,,,,
Luhansk,0.0,0.0,0.0,19.8,325.5,8.0,4.1,60.77,0.0,6.5,0.0,10.4,306.0,1023.0,21.5,56.4,0.0,2025-04-27 23:00:00,0,0,0,0,0,0,1,0,,,2025-04-27,,,,,,,,,,
Mykolaiv,0.0,0.0,0.0,18.0,0.2,9.0,11.7,48.17,0.0,0.0,0.0,16.6,12.6,1017.0,24.1,0.0,0.0,2025-04-27 00:00:00,1,0,0,0,0,0,0,0,,,2025-04-27,,,,,,,,,,
Mykolaiv,0.0,0.0,0.0,18.0,0.2,9.0,10.8,48.27,0.0,0.0,0.0,18.0,16.1,1018.0,24.1,0.0,0.0,2025-04-27 01:00:00,1,0,0,0,0,0,0,0,,,2025-04-27,,,,,,,,,,
Mykolaiv,0.0,0.0,0.0,18.0,0.2,9.0,9.9,48.01,0.0,0.0,0.0,16.9,16.1,1019.0,24.1,0.0,0.0,2025-04-27 02:00:00,1,0,0,0,0,0,0,0,,,2025-04-27,,,,,,,,,,
Mykolaiv,0.0,0.0,0.0,18.0,0.2,9.0,8.5,51.61,0.0,0.0,0.0,14.0,16.1,1019.0,24.1,0.0,0.0,2025-04-27 03:00:00,1,0,0,0,0,0,0,0,,,2025-04-27,,,,,,,,,,
Mykolaiv,0.0,0.0,0.0,18.0,0.2,9.0,7.8,52.18,0.0,0.0,0.0,12.2,10.8,1019.0,24.1,0.0,0.0,2025-04-27 04:00:00,1,0,0,0,0,0,0,0,,,2025-04-27,,,,,,,,,,
Mykolaiv,0.0,0.0,0.0,18.0,0.2,9.0,7.0,54.71,0.0,0.0,0.0,11.2,3.5,1020.0,24.1,0.0,0.0,2025-04-27 05:00:00,1,0,0,0,0,0,0,0,,,2025-04-27,,,,,,,,,,
Mykolaiv,0.0,0.0,0.0,18.0,0.2,9.0,6.6,55.82,0.0,0.0,0.0,10.8,357.3,1021.0,24.1,0.0,0.0,2025-04-27 06:00:00,1,0,0,0,0,0,0,0,,,2025-04-27,,,,,,,,,,
Mykolaiv,0.0,0.0,0.0,18.0,0.2,9.0,6.7,55.85,0.0,0.0,0.0,11.5,355.3,1022.0,24.1,0.0,1.0,2025-04-27 07:00:00,1,0,0,0,0,0,0,0,,,2025-04-27,,,,,,,,,,
Mykolaiv,0.0,0.0,0.0,18.0,0.2,9.0,7.7,51.77,0.0,0.0,0.0,12.6,358.8,1023.0,24.1,0.0,3.0,2025-04-27 08:00:00,1,0,0,0,0,0,0,0,,,2025-04-27,,,,,,,,,,
Mykolaiv,0.0,0.0,0.0,18.0,0.2,9.0,9.2,45.75,0.0,0.0,0.0,11.2,351.5,1024.0,24.1,0.0,4.0,2025-04-27 09:00:00,1,0,0,0,0,0,0,0,,,2025-04-27,,,,,,,,,,
Mykolaiv,0.0,0.0,0.0,18.0,0.2,9.0,10.8,34.12,0.0,0.0,0.0,15.1,6.8,1024.0,24.1,0.0,6.0,2025-04-27 10:00:00,1,0,0,0,0,0,0,0,,,2025-04-27,,,,,,,,,,
Mykolaiv,0.0,0.0,0.0,18.0,0.2,9.0,11.8,29.61,0.0,0.0,0.0,14.8,6.4,1024.0,24.1,6.3,8.0,2025-04-27 11:00:00,1,0,0,0,0,0,0,0,,,2025-04-27,,,,,,,,,,
Mykolaiv,0.0,0.0,0.0,18.0,0.2,9.0,12.6,28.52,0.0,0.0,0.0,14.4,0.5,1024.0,24.1,43.6,9.0,2025-04-27 12:00:00,0,0,0,0,0,0,1,0,,,2025-04-27,,,,,,,,,,
Mykolaiv,0.0,0.0,0.0,18.0,0.2,9.0,13.2,27.84,0.0,0.0,0.0,13.7,356.0,1024.0,24.1,44.9,9.0,2025-04-27 13:00:00,0,0,0,0,0,0,1,0,,,2025-04-27,,,,,,,,,,
Mykolaiv,0.0,0.0,0.0,18.0,0.2,9.0,13.8,28.23,0.0,0.0,0.0,13.3,347.7,1024.0,24.1,46.2,9.0,2025-04-27 14:00:00,0,0,0,0,0,0,1,0,,,2025-04-27,,,,,,,,,,
Mykolaiv,0.0,0.0,0.0,18.0,0.2,9.0,14.2,28.13,0.0,0.0,0.0,13.0,339.0,1024.0,24.1,44.6,8.0,2025-04-27 15:00:00,0,0,0,0,0,0,1,0,,,2025-04-27,,,,,,,,,,
Mykolaiv,0.0,0.0,0.0,18.0,0.2,9.0,14.4,28.61,0.0,0.0,0.0,13.3,334.0,1024.0,24.1,44.8,7.0,2025-04-27 16:00:00,0,0,0,0,0,0,1,0,,,2025-04-27,,,,,,,,,,
Mykolaiv,0.0,0.0,0.0,18.0,0.2,9.0,14.3,29.01,0.0,0.0,0.0,13.7,333.1,1024.0,24.1,43.1,6.0,2025-04-27 17:00:00,0,0,0,0,0,0,1,0,,,2025-04-27,,,,,,,,,,
Mykolaiv,0.0,0.0,0.0,18.0,0.2,9.0,14.1,29.39,0.0,0.0,0.0,13.7,336.5,1024.0,24.1,40.7,4.0,2025-04-27 18:00:00,0,0,0,0,0,0,1,0,,,2025-04-27,,,,,,,,,,
Mykolaiv,0.0,0.0,0.0,18.0,0.2,9.0,13.6,29.47,0.0,0.0,0.0,13.3,342.8,1025.0,24.1,29.2,2.0,2025-04-27 19:00:00,0,0,0,0,0,0,1,0,,,2025-04-27,,,,,,,,,,
Mykolaiv,0.0,0.0,0.0,18.0,0.2,9.0,12.6,32.65,0.0,0.0,0.0,11.2,354.4,1026.0,24.1,19.8,0.0,2025-04-27 20:00:00,1,0,0,0,0,0,0,0,,,2025-04-27,,,,,,,,,,
Mykolaiv,0.0,0.0,0.0,18.0,0.2,9.0,11.4,37.79,0.0,0.0,0.0,9.4,14.8,1028.0,24.1,16.1,0.0,2025-04-27 21:00:00,1,0,0,0,0,0,0,0,,,2025-04-27,,,,,,,,,,
Mykolaiv,0.0,0.0,0.0,18.0,0.2,9.0,10.3,40.95,0.0,0.0,0.0,9.4,24.6,1028.0,24.1,22.9,0.0,2025-04-27 22:00:00,0,0,0,0,0,0,1,0,,,2025-04-27,,,,,,,,,,
Mykolaiv,0.0,0.0,0.0,18.0,0.2,9.0,9.3,41.89,0.0,0.0,0.0,9.0,36.8,1029.0,24.1,0.0,0.0,2025-04-27 23:00:00,1,0,0,0,0,0,0,0,,,2025-04-27,,,,,,,,,,
Kherson,0.0,0.0,0.0,19.4,1.4,9.0,11.7,51.75,0.0,0.0,0.0,19.4,9.2,1016.0,24.1,8.1,0.0,2025-04-27 00:00:00,1,0,0,0,0,0,0,0,,,2025-04-27,,,,,,,,,,
Kherson,0.0,0.0,0.0,19.4,1.4,9.0,10.8,55.32,0.0,0.0,0.0,17.3,7.6,1017.0,24.1,21.7,0.0,2025-04-27 01:00:00,0,0,0,0,0,0,1,0,,,2025-04-27,,,,,,,,,,
Kherson,0.0,0.0,0.0,19.4,1.4,9.0,9.8,58.72,0.0,0.0,0.0,16.9,6.7,1017.0,24.1,0.0,0.0,2025-04-27 02:00:00,1,0,0,0,0,0,0,0,,,2025-04-27,,,,,,,,,,
Kherson,0.0,0.0,0.0,19.4,1.4,9.0,8.2,62.22,0.0,0.0,0.0,15.5,11.2,1018.0,24.1,0.0,0.0,2025-04-27 03:00:00,1,0,0,0,0,0,0,0,,,2025-04-27,,,,,,,,,,
Kherson,0.0,0.0,0.0,19.4,1.4,9.0,7.6,59.88,0.0,0.0,0.0,15.8,14.2,1019.0,24.1,0.0,0.0,2025-04-27 04:00:00,1,0,0,0,0,0,0,0,,,2025-04-27,,,,,,,,,,
Kherson,0.0,0.0,0.0,19.4,1.4,9.0,6.9,60.58,0.0,0.0,0.0,14.0,7.1,1019.0,24.1,0.0,0.0,2025-04-27 05:00:00,1,0,0,0,0,0,0,0,,,2025-04-27,,,,,,,,,,
Kherson,0.0,0.0,0.0,19.4,1.4,9.0,6.2,61.29,0.0,0.0,0.0,13.0,359.0,1020.0,24.1,0.0,0.0,2025-04-27 06:00:00,1,0,0,0,0,0,0,0,,,2025-04-27,,,,,,,,,,
Kherson,0.0,0.0,0.0,19.4,1.4,9.0,6.4,59.14,0.0,0.0,0.0,14.8,357.6,1021.0,24.1,0.0,1.0,2025-04-27 07:00:00,1,0,0,0,0,0,0,0,,,2025-04-27,,,,,,,,,,
Kherson,0.0,0.0,0.0,19.4,1.4,9.0,7.7,54.1,0.0,0.0,0.0,17.3,2.5,1022.0,24.1,0.0,3.0,2025-04-27 08:00:00,1,0,0,0,0,0,0,0,,,2025-04-27,,,,,,,,,,
Kherson,0.0,0.0,0.0,19.4,1.4,9.0,9.5,48.96,0.0,0.0,0.0,15.5,2.3,1023.0,24.1,0.0,4.0,2025-04-27 09:00:00,1,0,0,0,0,0,0,0,,,2025-04-27,,,,,,,,,,
Kherson,0.0,0.0,0.0,19.4,1.4,9.0,11.2,38.57,0.0,0.0,0.0,19.1,9.3,1023.0,24.1,0.0,6.0,2025-04-27 10:00:00,1,0,0,0,0,0,0,0,,,2025-04-27,,,,,,,,,,
Kherson,0.0,0.0,0.0,19.4,1.4,9.0,12.1,33.74,0.0,0.0,0.0,19.4,12.6,1024.0,24.1,0.6,8.0,2025-04-27 11:00:00,1,0,0,0,0,0,0,0,,,2025-04-27,,,,,,,,,,
Kherson,0.0,0.0,0.0,19.4,1.4,9.0,13.0,30.64,0.0,0.0,0.0,18.4,9.2,1024.0,24.1,18.8,9.0,2025-04-27 12:00:00,1,0,0,0,0,0,0,0,,,2025-04-27,,,,,,,,,,
Kherson,0.0,0.0,0.0,19.4,1.4,9.0,13.5,30.56,0.0,0.0,0.0,17.6,2.5,1024.0,24.1,43.7,9.0,2025-04-27 13:00:00,0,0,0,0,0,0,1,0,,,2025-04-27,,,,,,,,,,
Kherson,0.0,0.0,0.0,19.4,1.4,9.0,14.1,29.83,0.0,0.0,0.0,16.2,353.5,1024.0,24.1,40.1,9.0,2025-04-27 14:00:00,0,0,0,0,0,0,1,0,,,2025-04-27,,,,,,,,,,
Kherson,0.0,0.0,0.0,19.4,1.4,9.0,14.4,29.92,0.0,0.0,0.0,15.8,345.9,1024.0,24.1,40.5,8.0,2025-04-27 15:00:00,0,0,0,0,0,0,1,0,,,2025-04-27,,,,,,,,,,
Kherson,0.0,0.0,0.0,19.4,1.4,9.0,14.6,29.32,0.0,0.0,0.0,15.5,338.8,1024.0,24.1,37.0,7.0,2025-04-27 16:00:00,0,0,0,0,0,0,1,0,,,2025-04-27,,,,,,,,,,
Kherson,0.0,0.0,0.0,19.4,1.4,9.0,14.4,30.82,0.0,0.0,0.0,15.8,332.4,1024.0,24.1,43.6,6.0,2025-04-27 17:00:00,0,0,0,0,0,0,1,0,,,2025-04-27,,,,,,,,,,
Kherson,0.0,0.0,0.0,19.4,1.4,9.0,14.0,30.25,0.0,0.0,0.0,16.2,333.5,1024.0,24.1,47.2,4.0,2025-04-27 18:00:00,0,0,0,0,0,0,1,0,,,2025-04-27,,,,,,,,,,
Kherson,0.0,0.0,0.0,19.4,1.4,9.0,13.4,30.53,0.0,0.0,0.0,14.4,336.8,1025.0,24.1,38.6,2.0,2025-04-27 19:00:00,0,0,0,0,0,0,1,0,,,2025-04-27,,,,,,,,,,
Kherson,0.0,0.0,0.0,19.4,1.4,9.0,12.2,35.58,0.0,0.0,0.0,9.7,342.9,1026.0,24.1,50.2,0.0,2025-04-27 20:00:00,0,0,0,0,0,0,1,0,,,2025-04-27,,,,,,,,,,
Kherson,0.0,0.0,0.0,19.4,1.4,9.0,11.0,38.8,0.0,0.0,0.0,12.6,15.0,1027.0,24.1,36.6,0.0,2025-04-27 21:00:00,0,0,0,0,0,0,1,0,,,2025-04-27,,,,,,,,,,
Kherson,0.0,0.0,0.0,19.4,1.4,9.0,9.6,41.05,0.0,0.0,0.0,11.9,26.6,1028.0,24.1,33.7,0.0,2025-04-27 22:00:00,0,0,0,0,0,0,1,0,,,2025-04-27,,,,,,,,,,
Kherson,0.0,0.0,0.0,19.4,1.4,9.0,8.6,43.59,0.0,0.0,0.0,13.0,32.3,1028.0,24.1,12.9,0.0,2025-04-27 23:00:00,1,0,0,0,0,0,0,0,,,2025-04-27,,,,,,,,,,
Chernivtsi,0.0,0.0,0.0,16.6,1.3,9.0,6.0,65.39,0.0,0.0,0.0,16.6,350.0,1021.0,10.0,0.0,0.0,2025-04-27 00:00:00,1,0,0,0,0,0,0,0,,,2025-04-27,,,,,,,,,,
Chernivtsi,0.0,0.0,0.0,16.6,1.3,9.0,5.0,70.09,0.0,0.0,0.0,16.6,350.0,1022.0,10.0,0.0,0.0,2025-04-27 01:00:00,1,0,0,0,0,0,0,0,,,2025-04-27,,,,,,,,,,
Chernivtsi,0.0,0.0,0.0,16.6,1.3,9.0,4.0,75.16,0.0,0.0,0.0,14.8,340.0,1022.0,10.0,0.0,0.0,2025-04-27 02:00:00,1,0,0,0,0,0,0,0,,,2025-04-27,,,,,,,,,,
Chernivtsi,0.0,0.0,0.0,16.6,1.3,9.0,5.0,70.09,0.0,0.0,0.0,13.0,330.0,1023.0,10.0,24.3,0.0,2025-04-27 03:00:00,0,0,0,0,0,0,1,0,,,2025-04-27,,,,,,,,,,
Chernivtsi,0.0,0.0,0.0,16.6,1.3,9.0,4.0,75.16,0.0,0.0,0.0,13.0,330.0,1023.0,10.0,23.7,0.0,2025-04-27 04:00:00,0,0,0,0,0,0,1,0,,,2025-04-27,,,,,,,,,,
Chernivtsi,0.0,0.0,0.0,16.6,1.3,9.0,4.0,75.16,0.0,0.0,0.0,13.0,320.0,1023.0,10.0,15.8,0.0,2025-04-27 05:00:00,1,0,0,0,0,0,0,0,,,2025-04-27,,,,,,,,,,
Chernivtsi,0.0,0.0,0.0,16.6,1.3,9.0,3.0,80.65,0.0,0.0,0.0,14.8,330.0,1024.0,10.0,0.0,0.0,2025-04-27 06:00:00,1,0,0,0,0,0,0,0,,,2025-04-27,,,,,,,,,,
Chernivtsi,0.0,0.0,0.0,16.6,1.3,9.0,4.0,75.16,0.0,0.0,0.0,14.8,330.0,1025.0,10.0,0.0,0.0,2025-04-27 07:00:00,1,0,0,0,0,0,0,0,,,2025-04-27,,,,,,,,,,
Chernivtsi,0.0,0.0,0.0,16.6,1.3,9.0,6.0,70.29,0.0,0.0,0.0,11.2,340.0,1025.0,10.0,0.0,2.0,2025-04-27 08:00:00,1,0,0,0,0,0,0,0,,,2025-04-27,,,,,,,,,,
Chernivtsi,0.0,0.0,0.0,16.6,1.3,9.0,7.0,56.75,0.0,0.0,0.0,11.2,30.0,1026.0,10.0,0.0,4.0,2025-04-27 09:00:00,1,0,0,0,0,0,0,0,,,2025-04-27,,,,,,,,,,
Chernivtsi,0.0,0.0,0.0,16.6,1.3,9.0,9.0,53.28,0.0,0.0,0.0,11.2,50.0,1026.0,10.0,0.0,5.0,2025-04-27 10:00:00,1,0,0,0,0,0,0,0,,,2025-04-27,,,,,,,,,,
Chernivtsi,0.0,0.0,0.0,16.6,1.3,9.0,10.0,53.55,0.0,0.0,0.0,7.6,80.0,1027.0,10.0,7.4,7.0,2025-04-27 11:00:00,1,0,0,0,0,0,0,0,,,2025-04-27,,,,,,,,,,
Chernivtsi,0.0,0.0,0.0,16.6,1.3,9.0,10.0,53.55,0.0,0.0,0.0,7.6,40.7,1027.0,10.0,46.9,8.0,2025-04-27 12:00:00,0,0,0,0,0,0,1,0,,,2025-04-27,,,,,,,,,,
Chernivtsi,0.0,0.0,0.0,16.6,1.3,9.0,11.0,53.82,0.0,0.0,0.0,13.0,20.0,1027.0,10.0,48.8,9.0,2025-04-27 13:00:00,0,0,0,0,0,0,1,0,,,2025-04-27,,,,,,,,,,
Chernivtsi,0.0,0.0,0.0,16.6,1.3,9.0,11.0,46.6,0.0,0.0,0.0,11.2,10.0,1027.0,10.0,43.7,9.0,2025-04-27 14:00:00,0,0,0,0,0,0,1,0,,,2025-04-27,,,,,,,,,,
Chernivtsi,0.0,0.0,0.0,16.6,1.3,9.0,12.0,50.37,0.0,0.0,0.0,16.6,20.0,1026.0,10.0,37.7,8.0,2025-04-27 15:00:00,0,0,0,0,0,0,1,0,,,2025-04-27,,,,,,,,,,
Chernivtsi,0.0,0.0,0.0,16.6,1.3,9.0,13.0,43.91,0.0,0.0,0.0,11.2,40.0,1026.0,10.0,37.5,7.0,2025-04-27 16:00:00,0,0,0,0,0,0,1,0,,,2025-04-27,,,,,,,,,,
Chernivtsi,0.0,0.0,0.0,16.6,1.3,9.0,13.0,40.85,0.0,0.0,0.0,11.2,20.0,1026.0,10.0,30.5,6.0,2025-04-27 17:00:00,0,0,0,0,0,0,1,0,,,2025-04-27,,,,,,,,,,
Chernivtsi,0.0,0.0,0.0,16.6,1.3,9.0,13.0,43.91,0.0,0.0,0.0,11.2,50.0,1027.0,10.0,4.4,4.0,2025-04-27 18:00:00,1,0,0,0,0,0,0,0,,,2025-04-27,,,,,,,,,,
Chernivtsi,0.0,0.0,0.0,16.6,1.3,9.0,12.7,34.43,0.0,0.0,0.0,6.5,15.9,1028.0,24.1,2.8,3.0,2025-04-27 19:00:00,1,0,0,0,0,0,0,0,,,2025-04-27,,,,,,,,,,
Chernivtsi,0.0,0.0,0.0,16.6,1.3,9.0,11.2,43.07,0.0,0.0,0.0,3.2,8.5,1028.0,24.1,0.0,1.0,2025-04-27 20:00:00,1,0,0,0,0,0,0,0,,,2025-04-27,,,,,,,,,,
Chernivtsi,0.0,0.0,0.0,16.6,1.3,9.0,9.7,49.01,0.0,0.0,0.0,2.2,343.5,1029.0,24.1,0.0,0.0,2025-04-27 21:00:00,1,0,0,0,0,0,0,0,,,2025-04-27,,,,,,,,,,
Chernivtsi,0.0,0.0,0.0,16.6,1.3,9.0,9.0,48.46,0.0,0.0,0.0,1.4,256.5,1029.0,24.1,0.0,0.0,2025-04-27 22:00:00,1,0,0,0,0,0,0,0,,,2025-04-27,,,,,,,,,,
Chernivtsi,0.0,0.0,0.0,16.6,1.3,9.0,7.9,49.59,0.0,0.0,0.0,3.2,240.8,1030.0,24.1,0.0,0.0,2025-04-27 23:00:00,1,0,0,0,0,0,0,0,,,2025-04-27,,,,,,,,,,
Kropyvnytskyi,0.0,0.0,0.0,22.7,343.0,9.0,6.9,50.79,0.0,0.0,0.0,9.4,357.7,1019.0,24.1,0.0,0.0,2025-04-27 00:00:00,1,0,0,0,0,0,0,0,,,2025-04-27,,,,,,,,,,
Kropyvnytskyi,0.0,0.0,0.0,22.7,343.0,9.0,6.1,52.88,0.0,0.0,0.0,7.9,344.0,1020.0,24.1,0.0,0.0,2025-04-27 01:00:00,1,0,0,0,0,0,0,0,,,2025-04-27,,,,,,,,,,
Kropyvnytskyi,0.0,0.0,0.0,22.7,343.0,9.0,5.4,55.5,0.0,0.0,0.0,7.9,338.4,1020.0,24.1,0.0,0.0,2025-04-27 02:00:00,1,0,0,0,0,0,0,0,,,2025-04-27,,,,,,,,,,
Kropyvnytskyi,0.0,0.0,0.0,22.7,343.0,9.0,4.2,60.35,0.0,0.0,0.0,8.6,335.2,1020.0,24.1,0.0,0.0,2025-04-27 03:00:00,1,0,0,0,0,0,0,0,,,2025-04-27,,,,,,,,,,
Kropyvnytskyi,0.0,0.0,0.0,22.7,343.0,9.0,3.8,60.25,0.0,0.0,0.0,9.4,337.3,1021.0,24.1,0.0,0.0,2025-04-27 04:00:00,1,0,0,0,0,0,0,0,,,2025-04-27,,,,,,,,,,
Kropyvnytskyi,0.0,0.0,0.0,22.7,343.0,9.0,3.1,62.83,0.0,0.0,0.0,7.9,326.6,1021.0,24.1,0.0,0.0,2025-04-27 05:00:00,1,0,0,0,0,0,0,0,,,2025-04-27,,,,,,,,,,
Kropyvnytskyi,0.0,0.0,0.0,22.7,343.0,9.0,2.4,65.05,0.0,0.0,0.0,7.9,320.3,1021.0,24.1,0.0,0.0,2025-04-27 06:00:00,1,0,0,0,0,0,0,0,,,2025-04-27,,,,,,,,,,
Kropyvnytskyi,0.0,0.0,0.0,22.7,343.0,9.0,3.5,59.73,0.0,0.0,0.0,10.4,326.6,1022.0,24.1,0.0,1.0,2025-04-27 07:00:00,1,0,0,0,0,0,0,0,,,2025-04-27,,,,,,,,,,
Kropyvnytskyi,0.0,0.0,0.0,22.7,343.0,9.0,5.5,51.16,0.0,0.0,0.0,13.7,333.4,1023.0,24.1,0.0,3.0,2025-04-27 08:00:00,1,0,0,0,0,0,0,0,,,2025-04-27,,,,,,,,,,
Kropyvnytskyi,0.0,0.0,0.0,22.7,343.0,9.0,7.5,45.59,0.0,0.0,0.0,16.6,337.8,1024.0,24.1,0.0,4.0,2025-04-27 09:00:00,1,0,0,0,0,0,0,0,,,2025-04-27,,,,,,,,,,
Kropyvnytskyi,0.0,0.0,0.0,22.7,343.0,9.0,9.1,40.6,0.0,0.0,0.0,18.7,342.5,1024.0,24.1,0.0,6.0,2025-04-27 10:00:00,1,0,0,0,0,0,0,0,,,2025-04-27,,,,,,,,,,
Kropyvnytskyi,0.0,0.0,0.0,22.7,343.0,9.0,10.2,35.78,0.0,0.0,0.0,21.6,341.9,1024.0,24.1,37.4,7.0,2025-04-27 11:00:00,0,0,0,0,0,0,1,0,,,2025-04-27,,,,,,,,,,
Kropyvnytskyi,0.0,0.0,0.0,22.7,343.0,9.0,11.2,31.76,0.0,0.0,0.0,22.7,340.3,1024.0,24.1,33.9,8.0,2025-04-27 12:00:00,0,0,0,0,0,0,1,0,,,2025-04-27,,,,,,,,,,
Kropyvnytskyi,0.0,0.0,0.0,22.7,343.0,9.0,11.7,31.66,0.0,0.0,0.0,21.6,344.1,1024.0,24.1,32.3,9.0,2025-04-27 13:00:00,0,0,0,0,0,0,1,0,,,2025-04-27,,,,,,,,,,
Kropyvnytskyi,0.0,0.0,0.0,22.7,343.0,9.0,11.9,31.25,0.0,0.0,0.0,22.0,347.7,1024.0,24.1,36.4,9.0,2025-04-27 14:00:00,0,0,0,0,0,0,1,0,,,2025-04-27,,,,,,,,,,
Kropyvnytskyi,0.0,0.0,0.0,22.7,343.0,9.0,11.9,30.78,0.0,0.0,0.0,20.9,342.8,1024.0,24.1,44.9,8.0,2025-04-27 15:00:00,0,0,0,0,0,0,1,0,,,2025-04-27,,,,,,,,,,
Kropyvnytskyi,0.0,0.0,0.0,22.7,343.0,9.0,11.8,29.38,0.0,0.0,0.0,21.6,344.4,1024.0,24.1,27.8,7.0,2025-04-27 16:00:00,0,0,0,0,0,0,1,0,,,2025-04-27,,,,,,,,,,
Kropyvnytskyi,0.0,0.0,0.0,22.7,343.0,9.0,11.2,28.99,0.0,0.0,0.0,22.3,346.6,1025.0,24.1,16.7,5.0,2025-04-27 17:00:00,1,0,0,0,0,0,0,0,,,2025-04-27,,,,,,,,,,
Kropyvnytskyi,0.0,0.0,0.0,22.7,343.0,9.0,10.5,29.91,0.0,0.0,0.0,20.2,348.3,1025.0,24.1,30.1,4.0,2025-04-27 18:00:00,0,0,0,0,0,0,1,0,,,2025-04-27,,,,,,,,,,
Kropyvnytskyi,0.0,0.0,0.0,22.7,343.0,9.0,9.4,30.98,0.0,0.0,0.0,17.3,353.9,1026.0,24.1,7.0,2.0,2025-04-27 19:00:00,1,0,0,0,0,0,0,0,,,2025-04-27,,,,,,,,,,
Kropyvnytskyi,0.0,0.0,0.0,22.7,343.0,9.0,7.6,36.37,0.0,0.0,0.0,10.8,0.2,1027.0,24.1,0.0,0.0,2025-04-27 20:00:00,1,0,0,0,0,0,0,0,,,2025-04-27,,,,,,,,,,
Kropyvnytskyi,0.0,0.0,0.0,22.7,343.0,9.0,5.9,42.79,0.0,0.0,0.0,5.4,349.6,1029.0,24.1,0.0,0.0,2025-04-27 21:00:00,1,0,0,0,0,0,0,0,,,2025-04-27,,,,,,,,,,
Kropyvnytskyi,0.0,0.0,0.0,22.7,343.0,9.0,4.5,48.99,0.0,0.0,0.0,4.7,347.0,1029.0,24.1,0.0,0.0,2025-04-27 22:00:00,1,0,0,0,0,0,0,0,,,2025-04-27,,,,,,,,,,
Kropyvnytskyi,0.0,0.0,0.0,22.7,343.0,9.0,3.4,54.55,0.0,0.0,0.0,3.6,346.6,1030.0,24.1,0.0,0.0,2025-04-27 23:00:00,1,0,0,0,0,0,0,0,,,2025-04-27,,,,,,,,,,
Khmelnytskyi,0.0,0.0,0.0,12.6,356.5,9.0,5.4,53.48,0.0,0.0,0.0,5.8,345.3,1024.0,24.1,0.0,0.0,2025-04-27 00:00:00,1,0,0,0,0,0,0,0,,,2025-04-27,,,,,,,,,,
Khmelnytskyi,0.0,0.0,0.0,12.6,356.5,9.0,4.6,56.12,0.0,0.0,0.0,5.4,342.9,1024.0,24.1,0.0,0.0,2025-04-27 01:00:00,1,0,0,0,0,0,0,0,,,2025-04-27,,,,,,,,,,
Khmelnytskyi,0.0,0.0,0.0,12.6,356.5,9.0,3.9,58.07,0.0,0.0,0.0,5.4,343.7,1025.0,24.1,0.0,0.0,2025-04-27 02:00:00,1,0,0,0,0,0,0,0,,,2025-04-27,,,,,,,,,,
Khmelnytskyi,0.0,0.0,0.0,12.6,356.5,9.0,2.8,66.12,0.0,0.0,0.0,4.7,337.2,1025.0,24.1,0.0,0.0,2025-04-27 03:00:00,1,0,0,0,0,0,0,0,,,2025-04-27,,,,,,,,,,
Khmelnytskyi,0.0,0.0,0.0,12.6,356.5,9.0,2.2,66.48,0.0,0.0,0.0,4.7,340.2,1025.0,24.1,0.0,0.0,2025-04-27 04:00:00,1,0,0,0,0,0,0,0,,,2025-04-27,,,,,,,,,,
Khmelnytskyi,0.0,0.0,0.0,12.6,356.5,9.0,1.6,67.85,0.0,0.0,0.0,4.3,339.2,1026.0,24.1,0.0,0.0,2025-04-27 05:00:00,1,0,0,0,0,0,0,0,,,2025-04-27,,,,,,,,,,
Khmelnytskyi,0.0,0.0,0.0,12.6,356.5,9.0,0.9,69.24,0.0,0.0,0.0,4.3,335.2,1026.0,24.1,0.0,0.0,2025-04-27 06:00:00,1,0,0,0,0,0,0,0,,,2025-04-27,,,,,,,,,,
Khmelnytskyi,0.0,0.0,0.0,12.6,356.5,9.0,1.2,67.25,0.0,0.0,0.0,4.3,340.8,1027.0,24.1,0.0,0.0,2025-04-27 07:00:00,1,0,0,0,0,0,0,0,,,2025-04-27,,,,,,,,,,
Khmelnytskyi,0.0,0.0,0.0,12.6,356.5,9.0,3.5,56.25,0.0,0.0,0.0,7.9,358.7,1028.0,24.1,0.0,2.0,2025-04-27 08:00:00,1,0,0,0,0,0,0,0,,,2025-04-27,,,,,,,,,,
Khmelnytskyi,0.0,0.0,0.0,12.6,356.5,9.0,5.8,48.26,0.0,0.0,0.0,9.7,17.4,1028.0,24.1,0.0,4.0,2025-04-27 09:00:00,1,0,0,0,0,0,0,0,,,2025-04-27,,,,,,,,,,
Khmelnytskyi,0.0,0.0,0.0,12.6,356.5,9.0,7.7,41.72,0.0,0.0,0.0,11.2,19.1,1028.0,24.1,0.0,5.0,2025-04-27 10:00:00,1,0,0,0,0,0,0,0,,,2025-04-27,,,,,,,,,,
Khmelnytskyi,0.0,0.0,0.0,12.6,356.5,9.0,9.1,37.1,0.0,0.0,0.0,12.2,10.2,1028.0,24.1,0.0,7.0,2025-04-27 11:00:00,1,0,0,0,0,0,0,0,,,2025-04-27,,,,,,,,,,
Khmelnytskyi,0.0,0.0,0.0,12.6,356.5,9.0,10.3,35.01,0.0,0.0,0.0,11.9,0.8,1028.0,24.1,3.5,8.0,2025-04-27 12:00:00,1,0,0,0,0,0,0,0,,,2025-04-27,,,,,,,,,,
Khmelnytskyi,0.0,0.0,0.0,12.6,356.5,9.0,11.2,33.98,0.0,0.0,0.0,12.6,356.6,1028.0,24.1,23.3,9.0,2025-04-27 13:00:00,0,0,0,0,0,0,1,0,,,2025-04-27,,,,,,,,,,
Khmelnytskyi,0.0,0.0,0.0,12.6,356.5,9.0,11.8,33.91,0.0,0.0,0.0,12.6,357.4,1028.0,24.1,39.0,9.0,2025-04-27 14:00:00,0,0,0,0,0,0,1,0,,,2025-04-27,,,,,,,,,,
Khmelnytskyi,0.0,0.0,0.0,12.6,356.5,9.0,12.2,34.54,0.0,0.0,0.0,11.9,356.9,1028.0,24.1,41.3,8.0,2025-04-27 15:00:00,0,0,0,0,0,0,1,0,,,2025-04-27,,,,,,,,,,
Khmelnytskyi,0.0,0.0,0.0,12.6,356.5,9.0,12.2,35.84,0.0,0.0,0.0,11.5,356.4,1027.0,24.1,44.2,7.0,2025-04-27 16:00:00,0,0,0,0,0,0,1,0,,,2025-04-27,,,,,,,,,,
Khmelnytskyi,0.0,0.0,0.0,12.6,356.5,9.0,12.1,35.81,0.0,0.0,0.0,10.8,351.6,1027.0,24.1,40.3,6.0,2025-04-27 17:00:00,0,0,0,0,0,0,1,0,,,2025-04-27,,,,,,,,,,
Khmelnytskyi,0.0,0.0,0.0,12.6,356.5,9.0,11.6,37.57,0.0,0.0,0.0,10.4,349.6,1027.0,24.1,43.5,4.0,2025-04-27 18:00:00,0,0,0,0,0,0,1,0,,,2025-04-27,,,,,,,,,,
Khmelnytskyi,0.0,0.0,0.0,12.6,356.5,9.0,11.0,37.67,0.0,0.0,0.0,9.7,351.2,1028.0,24.1,40.5,3.0,2025-04-27 19:00:00,0,0,0,0,0,0,1,0,,,2025-04-27,,,,,,,,,,
Khmelnytskyi,0.0,0.0,0.0,12.6,356.5,9.0,9.7,40.17,0.0,0.0,0.0,6.8,356.7,1028.0,24.1,25.5,1.0,2025-04-27 20:00:00,0,0,0,0,0,0,1,0,,,2025-04-27,,,,,,,,,,
Khmelnytskyi,0.0,0.0,0.0,12.6,356.5,9.0,7.9,48.5,0.0,0.0,0.0,3.2,4.5,1030.0,24.1,0.0,0.0,2025-04-27 21:00:00,1,0,0,0,0,0,0,0,,,2025-04-27,,,,,,,,,,
Khmelnytskyi,0.0,0.0,0.0,12.6,356.5,9.0,6.8,53.07,0.0,0.0,0.0,2.9,6.9,1030.0,24.1,0.0,0.0,2025-04-27 22:00:00,1,0,0,0,0,0,0,0,,,2025-04-27,,,,,,,,,,
Khmelnytskyi,0.0,0.0,0.0,12.6,356.5,9.0,5.9,55.64,0.0,0.0,0.0,2.9,4.1,1030.0,24.1,0.0,0.0,2025-04-27 23:00:00,1,0,0,0,0,0,0,0,,,2025-04-27,,,,,,,,,,
Vinnytsia,0.0,0.0,0.0,14.0,351.9,9.0,5.9,50.51,0.0,0.0,0.0,7.2,358.0,1022.0,24.1,0.0,0.0,2025-04-27 00:00:00,1,0,0,0,0,0,0,0,,,2025-04-27,,,,,,,,,,
Vinnytsia,0.0,0.0,0.0,14.0,351.9,9.0,5.0,53.37,0.0,0.0,0.0,6.8,348.8,1023.0,24.1,3.9,0.0,2025-04-27 01:00:00,1,0,0,0,0,0,0,0,,,2025-04-27,,,,,,,,,,
Vinnytsia,0.0,0.0,0.0,14.0,351.9,9.0,4.3,54.38,0.0,0.0,0.0,7.2,348.4,1023.0,24.1,0.0,0.0,2025-04-27 02:00:00,1,0,0,0,0,0,0,0,,,2025-04-27,,,,,,,,,,
Vinnytsia,0.0,0.0,0.0,14.0,351.9,9.0,3.0,62.34,0.0,0.0,0.0,6.1,351.2,1024.0,24.1,0.0,0.0,2025-04-27 03:00:00,1,0,0,0,0,0,0,0,,,2025-04-27,,,,,,,,,,
Vinnytsia,0.0,0.0,0.0,14.0,351.9,9.0,2.3,63.11,0.0,0.0,0.0,5.0,350.0,1024.0,24.1,0.0,0.0,2025-04-27 04:00:00,1,0,0,0,0,0,0,0,,,2025-04-27,,,,,,,,,,
Vinnytsia,0.0,0.0,0.0,14.0,351.9,9.0,1.4,66.8,0.0,0.0,0.0,4.7,338.1,1025.0,24.1,0.0,0.0,2025-04-27 05:00:00,1,0,0,0,0,0,0,0,,,2025-04-27,,,,,,,,,,
Vinnytsia,0.0,0.0,0.0,14.0,351.9,9.0,0.8,68.18,0.0,0.0,0.0,5.0,334.4,1025.0,24.1,0.0,0.0,2025-04-27 06:00:00,1,0,0,0,0,0,0,0,,,2025-04-27,,,,,,,,,,
Vinnytsia,0.0,0.0,0.0,14.0,351.9,9.0,1.5,63.39,0.0,0.0,0.0,6.5,343.0,1026.0,24.1,0.0,1.0,2025-04-27 07:00:00,1,0,0,0,0,0,0,0,,,2025-04-27,,,,,,,,,,
Vinnytsia,0.0,0.0,0.0,14.0,351.9,9.0,3.6,55.02,0.0,0.0,0.0,9.4,351.8,1027.0,24.1,0.0,2.0,2025-04-27 08:00:00,1,0,0,0,0,0,0,0,,,2025-04-27,,,,,,,,,,
Vinnytsia,0.0,0.0,0.0,14.0,351.9,9.0,5.7,48.23,0.0,0.0,0.0,10.1,3.4,1027.0,24.1,0.0,4.0,2025-04-27 09:00:00,1,0,0,0,0,0,0,0,,,2025-04-27,,,,,,,,,,
Vinnytsia,0.0,0.0,0.0,14.0,351.9,9.0,7.9,40.85,0.0,0.0,0.0,11.9,3.3,1027.0,24.1,0.0,6.0,2025-04-27 10:00:00,1,0,0,0,0,0,0,0,,,2025-04-27,,,,,,,,,,
Vinnytsia,0.0,0.0,0.0,14.0,351.9,9.0,9.2,36.02,0.0,0.0,0.0,13.7,359.9,1027.0,24.1,11.7,7.0,2025-04-27 11:00:00,1,0,0,0,0,0,0,0,,,2025-04-27,,,,,,,,,,
Vinnytsia,0.0,0.0,0.0,14.0,351.9,9.0,10.4,35.31,0.0,0.0,0.0,13.7,354.0,1027.0,24.1,31.0,8.0,2025-04-27 12:00:00,0,0,0,0,0,0,1,0,,,2025-04-27,,,,,,,,,,
Vinnytsia,0.0,0.0,0.0,14.0,351.9,9.0,11.3,34.27,0.0,0.0,0.0,14.0,352.1,1027.0,24.1,40.7,9.0,2025-04-27 13:00:00,0,0,0,0,0,0,1,0,,,2025-04-27,,,,,,,,,,
Vinnytsia,0.0,0.0,0.0,14.0,351.9,9.0,11.8,33.4,0.0,0.0,0.0,13.3,352.3,1027.0,24.1,45.2,9.0,2025-04-27 14:00:00,0,0,0,0,0,0,1,0,,,2025-04-27,,,,,,,,,,
Vinnytsia,0.0,0.0,0.0,14.0,351.9,9.0,12.0,34.22,0.0,0.0,0.0,12.6,351.2,1027.0,24.1,45.3,8.0,2025-04-27 15:00:00,0,0,0,0,0,0,1,0,,,2025-04-27,,,,,,,,,,
Vinnytsia,0.0,0.0,0.0,14.0,351.9,9.0,12.1,33.74,0.0,0.0,0.0,11.9,347.9,1027.0,24.1,41.0,7.0,2025-04-27 16:00:00,0,0,0,0,0,0,1,0,,,2025-04-27,,,,,,,,,,
Vinnytsia,0.0,0.0,0.0,14.0,351.9,9.0,12.0,33.71,0.0,0.0,0.0,11.5,344.3,1027.0,24.1,37.5,6.0,2025-04-27 17:00:00,0,0,0,0,0,0,1,0,,,2025-04-27,,,,,,,,,,
Vinnytsia,0.0,0.0,0.0,14.0,351.9,9.0,11.5,34.07,0.0,0.0,0.0,11.2,345.4,1027.0,24.1,32.2,4.0,2025-04-27 18:00:00,0,0,0,0,0,0,1,0,,,2025-04-27,,,,,,,,,,
Vinnytsia,0.0,0.0,0.0,14.0,351.9,9.0,10.7,34.61,0.0,0.0,0.0,10.4,349.3,1028.0,24.1,26.7,2.0,2025-04-27 19:00:00,0,0,0,0,0,0,1,0,,,2025-04-27,,,,,,,,,,
Vinnytsia,0.0,0.0,0.0,14.0,351.9,9.0,9.2,38.26,0.0,0.0,0.0,7.2,355.9,1028.0,24.1,4.0,1.0,2025-04-27 20:00:00,1,0,0,0,0,0,0,0,,,2025-04-27,,,,,,,,,,
Vinnytsia,0.0,0.0,0.0,14.0,351.9,9.0,7.4,44.89,0.0,0.0,0.0,4.0,355.0,1030.0,24.1,0.0,0.0,2025-04-27 21:00:00,1,0,0,0,0,0,0,0,,,2025-04-27,,,,,,,,,,
Vinnytsia,0.0,0.0,0.0,14.0,351.9,9.0,6.1,49.82,0.0,0.0,0.0,3.6,351.0,1030.0,24.1,0.0,0.0,2025-04-27 22:00:00,1,0,0,0,0,0,0,0,,,2025-04-27,,,,,,,,,,
Vinnytsia,0.0,0.0,0.0,14.0,351.9,9.0,5.0,54.17,0.0,0.0,0.0,3.2,2.3,1030.0,24.1,0.0,0.0,2025-04-27 23:00:00,1,0,0,0,0,0,0,0,,,2025-04-27,,,,,,,,,,
Rivne,0.0,0.0,0.0,15.1,348.6,8.0,5.5,52.32,0.0,0.0,0.0,6.8,341.0,1025.0,24.1,12.2,0.0,2025-04-27 00:00:00,1,0,0,0,0,0,0,0,,,2025-04-27,,,,,,,,,,
Rivne,0.0,0.0,0.0,15.1,348.6,8.0,4.6,54.88,0.0,0.0,0.0,7.6,349.7,1025.0,24.1,17.9,0.0,2025-04-27 01:00:00,1,0,0,0,0,0,0,0,,,2025-04-27,,,,,,,,,,
Rivne,0.0,0.0,0.0,15.1,348.6,8.0,3.8,57.18,0.0,0.0,0.0,6.5,353.4,1026.0,24.1,21.3,0.0,2025-04-27 02:00:00,0,0,0,0,0,0,1,0,,,2025-04-27,,,,,,,,,,
Rivne,0.0,0.0,0.0,15.1,348.6,8.0,2.5,64.59,0.0,0.0,0.0,4.7,341.9,1026.0,24.1,0.0,0.0,2025-04-27 03:00:00,1,0,0,0,0,0,0,0,,,2025-04-27,,,,,,,,,,
Rivne,0.0,0.0,0.0,15.1,348.6,8.0,1.8,65.89,0.0,0.0,0.0,4.7,337.2,1027.0,24.1,0.0,0.0,2025-04-27 04:00:00,1,0,0,0,0,0,0,0,,,2025-04-27,,,,,,,,,,
Rivne,0.0,0.0,0.0,15.1,348.6,8.0,1.1,67.74,0.0,0.0,0.0,4.7,332.8,1027.0,24.1,0.0,0.0,2025-04-27 05:00:00,1,0,0,0,0,0,0,0,,,2025-04-27,,,,,,,,,,
Rivne,0.0,0.0,0.0,15.1,348.6,8.0,0.5,69.68,0.0,0.0,0.0,4.3,329.9,1027.0,24.1,0.0,0.0,2025-04-27 06:00:00,1,0,0,0,0,0,0,0,,,2025-04-27,,,,,,,,,,
Rivne,0.0,0.0,0.0,15.1,348.6,8.0,0.6,70.22,0.0,0.0,0.0,4.0,328.1,1028.0,24.1,0.0,0.0,2025-04-27 07:00:00,1,0,0,0,0,0,0,0,,,2025-04-27,,,,,,,,,,
Rivne,0.0,0.0,0.0,15.1,348.6,8.0,2.9,63.72,0.0,0.0,0.0,4.3,336.6,1029.0,24.1,0.0,2.0,2025-04-27 08:00:00,1,0,0,0,0,0,0,0,,,2025-04-27,,,,,,,,,,
Rivne,0.0,0.0,0.0,15.1,348.6,8.0,5.4,53.88,0.0,0.0,0.0,7.6,355.8,1029.0,24.1,0.0,4.0,2025-04-27 09:00:00,1,0,0,0,0,0,0,0,,,2025-04-27,,,,,,,,,,
Rivne,0.0,0.0,0.0,15.1,348.6,8.0,7.3,49.79,0.0,0.0,0.0,7.9,356.1,1029.0,24.1,0.0,5.0,2025-04-27 10:00:00,1,0,0,0,0,0,0,0,,,2025-04-27,,,,,,,,,,
Rivne,0.0,0.0,0.0,15.1,348.6,8.0,8.9,46.34,0.0,0.0,0.0,11.9,353.3,1028.0,24.1,16.3,7.0,2025-04-27 11:00:00,1,0,0,0,0,0,0,0,,,2025-04-27,,,,,,,,,,
Rivne,0.0,0.0,0.0,15.1,348.6,8.0,10.1,40.89,0.0,0.0,0.0,14.8,352.4,1029.0,24.1,27.1,8.0,2025-04-27 12:00:00,0,0,0,0,0,0,1,0,,,2025-04-27,,,,,,,,,,
Rivne,0.0,0.0,0.0,15.1,348.6,8.0,10.9,39.06,0.0,0.0,0.0,15.1,354.3,1029.0,24.1,28.8,8.0,2025-04-27 13:00:00,0,0,0,0,0,0,1,0,,,2025-04-27,,,,,,,,,,
Rivne,0.0,0.0,0.0,15.1,348.6,8.0,11.5,39.24,0.0,0.0,0.0,14.0,354.5,1029.0,24.1,38.2,8.0,2025-04-27 14:00:00,0,0,0,0,0,0,1,0,,,2025-04-27,,,,,,,,,,
Rivne,0.0,0.0,0.0,15.1,348.6,8.0,11.8,39.33,0.0,0.0,0.0,13.3,353.2,1028.0,24.1,37.1,8.0,2025-04-27 15:00:00,0,0,0,0,0,0,1,0,,,2025-04-27,,,,,,,,,,
Rivne,0.0,0.0,0.0,15.1,348.6,8.0,12.0,36.86,0.0,0.0,0.0,12.2,352.7,1028.0,24.1,28.9,7.0,2025-04-27 16:00:00,0,0,0,0,0,0,1,0,,,2025-04-27,,,,,,,,,,
Rivne,0.0,0.0,0.0,15.1,348.6,8.0,12.0,36.86,0.0,0.0,0.0,11.5,349.3,1028.0,24.1,37.5,6.0,2025-04-27 17:00:00,0,0,0,0,0,0,1,0,,,2025-04-27,,,,,,,,,,
Rivne,0.0,0.0,0.0,15.1,348.6,8.0,11.5,38.38,0.0,0.0,0.0,10.8,347.9,1028.0,24.1,33.1,4.0,2025-04-27 18:00:00,0,0,0,0,0,0,1,0,,,2025-04-27,,,,,,,,,,
Rivne,0.0,0.0,0.0,15.1,348.6,8.0,10.9,39.06,0.0,0.0,0.0,9.7,349.9,1029.0,24.1,9.1,2.0,2025-04-27 19:00:00,1,0,0,0,0,0,0,0,,,2025-04-27,,,,,,,,,,
Rivne,0.0,0.0,0.0,15.1,348.6,8.0,9.6,44.53,0.0,0.0,0.0,5.8,352.1,1029.0,24.1,0.0,1.0,2025-04-27 20:00:00,1,0,0,0,0,0,0,0,,,2025-04-27,,,,,,,,,,
Rivne,0.0,0.0,0.0,15.1,348.6,8.0,7.8,53.34,0.0,0.0,0.0,2.9,347.6,1030.0,24.1,0.0,0.0,2025-04-27 21:00:00,1,0,0,0,0,0,0,0,,,2025-04-27,,,,,,,,,,
Rivne,0.0,0.0,0.0,15.1,348.6,8.0,7.0,55.93,0.0,0.0,0.0,1.8,323.2,1030.0,24.1,0.0,0.0,2025-04-27 22:00:00,1,0,0,0,0,0,0,0,,,2025-04-27,,,,,,,,,,
Rivne,0.0,0.0,0.0,15.1,348.6,8.0,6.4,56.6,0.0,0.0,0.0,2.2,289.0,1030.0,24.1,0.0,0.0,2025-04-27 23:00:00,1,0,0,0,0,0,0,0,,,2025-04-27,,,,,,,,,,
Uzhhorod,0.0,0.0,0.0,35.3,5.5,9.0,9.0,53.28,0.0,0.0,0.0,25.9,10.0,1022.0,10.0,0.0,0.0,2025-04-27 00:00:00,1,0,0,0,0,0,0,0,,,2025-04-27,,,,,,,,,,
Uzhhorod,0.0,0.0,0.0,35.3,5.5,9.0,9.0,53.28,0.0,0.0,0.0,31.7,10.0,1023.0,10.0,0.0,0.0,2025-04-27 01:00:00,1,0,0,0,0,0,0,0,,,2025-04-27,,,,,,,,,,
Uzhhorod,0.0,0.0,0.0,35.3,5.5,9.0,8.0,57.01,0.0,0.0,0.0,25.9,10.0,1023.0,10.0,0.0,0.0,2025-04-27 02:00:00,1,0,0,0,0,0,0,0,,,2025-04-27,,,,,,,,,,
Uzhhorod,0.0,0.0,0.0,35.3,5.5,9.0,7.0,52.73,0.0,0.0,0.0,27.7,10.0,1023.0,10.0,0.0,0.0,2025-04-27 03:00:00,1,0,0,0,0,0,0,0,,,2025-04-27,,,,,,,,,,
Uzhhorod,0.0,0.0,0.0,35.3,5.5,9.0,7.0,52.73,0.0,0.0,0.0,29.5,360.0,1023.0,10.0,0.0,0.0,2025-04-27 04:00:00,1,0,0,0,0,0,0,0,,,2025-04-27,,,,,,,,,,
Uzhhorod,0.0,0.0,0.0,35.3,5.5,9.0,7.0,48.97,0.0,0.0,0.0,24.1,10.0,1023.0,10.0,0.0,0.0,2025-04-27 05:00:00,1,0,0,0,0,0,0,0,,,2025-04-27,,,,,,,,,,
Uzhhorod,0.0,0.0,0.0,35.3,5.5,9.0,7.0,48.97,0.0,0.0,0.0,24.1,10.0,1023.0,10.0,0.0,0.0,2025-04-27 06:00:00,1,0,0,0,0,0,0,0,,,2025-04-27,,,,,,,,,,
Uzhhorod,0.0,0.0,0.0,35.3,5.5,9.0,7.0,48.97,0.0,0.0,0.0,20.5,360.0,1024.0,10.0,0.0,0.0,2025-04-27 07:00:00,1,0,0,0,0,0,0,0,,,2025-04-27,,,,,,,,,,
Uzhhorod,0.0,0.0,0.0,35.3,5.5,9.0,8.0,45.74,0.0,0.0,0.0,24.1,10.0,1024.0,10.0,0.0,1.0,2025-04-27 08:00:00,1,0,0,0,0,0,0,0,,,2025-04-27,,,,,,,,,,
Uzhhorod,0.0,0.0,0.0,35.3,5.5,9.0,9.0,42.74,0.0,0.0,0.0,29.5,10.0,1024.0,10.0,0.0,3.0,2025-04-27 09:00:00,1,0,0,0,0,0,0,0,,,2025-04-27,,,,,,,,,,
Uzhhorod,0.0,0.0,0.0,35.3,5.5,9.0,11.0,37.39,0.0,0.0,0.0,35.3,360.0,1025.0,10.0,0.0,5.0,2025-04-27 10:00:00,1,0,0,0,0,0,0,0,,,2025-04-27,,,,,,,,,,
Uzhhorod,0.0,0.0,0.0,35.3,5.5,9.0,12.0,37.68,0.0,0.0,0.0,33.5,360.0,1025.0,10.0,0.0,6.0,2025-04-27 11:00:00,1,0,0,0,0,0,0,0,,,2025-04-27,,,,,,,,,,
Uzhhorod,0.0,0.0,0.0,35.3,5.5,9.0,13.0,37.98,0.0,0.0,0.0,29.5,360.0,1025.0,10.0,0.0,8.0,2025-04-27 12:00:00,1,0,0,0,0,0,0,0,,,2025-04-27,,,,,,,,,,
Uzhhorod,0.0,0.0,0.0,35.3,5.5,9.0,14.0,35.59,0.0,0.0,0.0,29.5,360.0,1025.0,10.0,0.0,8.0,2025-04-27 13:00:00,1,0,0,0,0,0,0,0,,,2025-04-27,,,,,,,,,,
Uzhhorod,0.0,0.0,0.0,35.3,5.5,9.0,15.0,31.0,0.0,0.0,0.0,22.3,10.0,1025.0,10.0,0.0,9.0,2025-04-27 14:00:00,1,0,0,0,0,0,0,0,,,2025-04-27,,,,,,,,,,
Uzhhorod,0.0,0.0,0.0,35.3,5.5,9.0,16.0,31.29,0.0,0.0,0.0,24.1,360.0,1025.0,10.0,0.0,8.0,2025-04-27 15:00:00,1,0,0,0,0,0,0,0,,,2025-04-27,,,,,,,,,,
Uzhhorod,0.0,0.0,0.0,35.3,5.5,9.0,16.0,33.65,0.0,0.0,0.0,24.1,350.0,1025.0,10.0,0.0,8.0,2025-04-27 16:00:00,1,0,0,0,0,0,0,0,,,2025-04-27,,,,,,,,,,
Uzhhorod,0.0,0.0,0.0,35.3,5.5,9.0,16.0,29.07,0.0,0.0,0.0,24.1,360.0,1025.0,10.0,0.0,6.0,2025-04-27 17:00:00,1,0,0,0,0,0,0,0,,,2025-04-27,,,,,,,,,,
Uzhhorod,0.0,0.0,0.0,35.3,5.5,9.0,16.0,29.07,0.0,0.0,0.0,24.1,360.0,1025.0,10.0,0.0,5.0,2025-04-27 18:00:00,1,0,0,0,0,0,0,0,,,2025-04-27,,,,,,,,,,
Uzhhorod,0.0,0.0,0.0,35.3,5.5,9.0,17.1,30.26,0.0,0.0,0.0,11.9,43.8,1025.0,24.1,0.0,3.0,2025-04-27 19:00:00,1,0,0,0,0,0,0,0,,,2025-04-27,,,,,,,,,,
Uzhhorod,0.0,0.0,0.0,35.3,5.5,9.0,14.8,36.08,0.0,0.0,0.0,9.7,30.8,1025.0,24.1,0.0,1.0,2025-04-27 20:00:00,1,0,0,0,0,0,0,0,,,2025-04-27,,,,,,,,,,
Uzhhorod,0.0,0.0,0.0,35.3,5.5,9.0,12.1,43.02,0.0,0.0,0.0,6.8,24.7,1026.0,24.1,0.0,0.0,2025-04-27 21:00:00,1,0,0,0,0,0,0,0,,,2025-04-27,,,,,,,,,,
Uzhhorod,0.0,0.0,0.0,35.3,5.5,9.0,10.4,49.21,0.0,0.0,0.0,4.7,6.7,1026.0,24.1,0.0,0.0,2025-04-27 22:00:00,1,0,0,0,0,0,0,0,,,2025-04-27,,,,,,,,,,
Uzhhorod,0.0,0.0,0.0,35.3,5.5,9.0,8.8,55.59,0.0,0.0,0.0,4.3,336.0,1027.0,24.1,0.0,0.0,2025-04-27 23:00:00,1,0,0,0,0,0,0,0,,,2025-04-27,,,,,,,,,,
Simferopol,1.1,4.17,0.0,23.0,30.2,9.0,11.4,96.1,1.1,100.0,0.0,9.7,22.5,1013.0,24.1,100.0,0.0,2025-04-27 00:00:00,0,0,0,1,1,0,0,0,,,2025-04-27,,,,,,,,,,
Simferopol,1.1,4.17,0.0,23.0,30.2,9.0,10.9,84.55,0.0,0.0,0.0,20.9,34.6,1014.0,24.1,100.0,0.0,2025-04-27 01:00:00,0,0,0,1,0,0,0,0,,,2025-04-27,,,,,,,,,,
Simferopol,1.1,4.17,0.0,23.0,30.2,9.0,9.9,85.02,0.0,0.0,0.0,18.7,37.8,1015.0,24.1,91.8,0.0,2025-04-27 02:00:00,0,0,0,1,0,0,0,0,,,2025-04-27,,,,,,,,,,
Simferopol,1.1,4.17,0.0,23.0,30.2,9.0,8.5,81.98,0.0,0.0,0.0,22.0,45.5,1015.0,24.1,65.4,0.0,2025-04-27 03:00:00,0,0,0,0,0,0,1,0,,,2025-04-27,,,,,,,,,,
Simferopol,1.1,4.17,0.0,23.0,30.2,9.0,7.5,78.48,0.0,0.0,0.0,23.0,44.7,1015.0,24.1,52.6,0.0,2025-04-27 04:00:00,0,0,0,0,0,0,1,0,,,2025-04-27,,,,,,,,,,
Simferopol,1.1,4.17,0.0,23.0,30.2,9.0,6.1,71.84,0.0,0.0,0.0,21.2,43.8,1016.0,24.1,39.7,0.0,2025-04-27 05:00:00,0,0,0,0,0,0,1,0,,,2025-04-27,,,,,,,,,,
Simferopol,1.1,4.17,0.0,23.0,30.2,9.0,5.1,72.69,0.0,0.0,0.0,18.7,43.3,1017.0,24.1,19.2,0.0,2025-04-27 06:00:00,1,0,0,0,0,0,0,0,,,2025-04-27,,,,,,,,,,
Simferopol,1.1,4.17,0.0,23.0,30.2,9.0,5.2,71.67,0.0,0.0,0.0,17.3,43.1,1019.0,24.1,0.0,1.0,2025-04-27 07:00:00,1,0,0,0,0,0,0,0,,,2025-04-27,,,,,,,,,,
Simferopol,1.1,4.17,0.0,23.0,30.2,9.0,6.3,66.41,0.0,0.0,0.0,19.4,38.7,1019.0,24.1,0.0,3.0,2025-04-27 08:00:00,1,0,0,0,0,0,0,0,,,2025-04-27,,,,,,,,,,
Simferopol,1.1,4.17,0.0,23.0,30.2,9.0,7.4,58.54,0.0,0.0,0.0,20.5,40.4,1021.0,24.1,13.4,5.0,2025-04-27 09:00:00,1,0,0,0,0,0,0,0,,,2025-04-27,,,,,,,,,,
Simferopol,1.1,4.17,0.0,23.0,30.2,9.0,8.5,53.92,0.0,0.0,0.0,21.6,34.4,1021.0,24.1,23.0,6.0,2025-04-27 10:00:00,0,0,0,0,0,0,1,0,,,2025-04-27,,,,,,,,,,
Simferopol,1.1,4.17,0.0,23.0,30.2,9.0,9.5,51.89,0.0,0.0,0.0,21.2,25.3,1021.0,24.1,40.5,8.0,2025-04-27 11:00:00,0,0,0,0,0,0,1,0,,,2025-04-27,,,,,,,,,,
Simferopol,1.1,4.17,0.0,23.0,30.2,9.0,10.1,52.81,0.0,0.0,0.0,20.5,19.1,1022.0,24.1,70.0,9.0,2025-04-27 12:00:00,0,0,0,0,0,0,1,0,,,2025-04-27,,,,,,,,,,
Simferopol,1.1,4.17,0.0,23.0,30.2,9.0,10.6,48.56,0.0,0.0,0.0,19.1,15.0,1022.0,24.1,53.5,9.0,2025-04-27 13:00:00,0,0,0,0,0,0,1,0,,,2025-04-27,,,,,,,,,,
Simferopol,1.1,4.17,0.0,23.0,30.2,9.0,11.2,43.71,0.0,0.0,0.0,17.6,12.4,1022.0,24.1,35.6,9.0,2025-04-27 14:00:00,0,0,0,0,0,0,1,0,,,2025-04-27,,,,,,,,,,
Simferopol,1.1,4.17,0.0,23.0,30.2,9.0,11.5,41.61,0.0,0.0,0.0,17.3,8.0,1022.0,24.1,33.9,8.0,2025-04-27 15:00:00,0,0,0,0,0,0,1,0,,,2025-04-27,,,,,,,,,,
Simferopol,1.1,4.17,0.0,23.0,30.2,9.0,11.3,42.79,0.0,0.0,0.0,16.6,4.5,1022.0,24.1,40.9,7.0,2025-04-27 16:00:00,0,0,0,0,0,0,1,0,,,2025-04-27,,,,,,,,,,
Simferopol,1.1,4.17,0.0,23.0,30.2,9.0,10.8,44.88,0.0,0.0,0.0,15.1,3.9,1022.0,24.1,47.0,5.0,2025-04-27 17:00:00,0,0,0,0,0,0,1,0,,,2025-04-27,,,,,,,,,,
Simferopol,1.1,4.17,0.0,23.0,30.2,9.0,10.0,46.32,0.0,0.0,0.0,14.0,4.6,1023.0,24.1,42.0,4.0,2025-04-27 18:00:00,0,0,0,0,0,0,1,0,,,2025-04-27,,,,,,,,,,
Simferopol,1.1,4.17,0.0,23.0,30.2,9.0,9.0,45.35,0.0,0.0,0.0,11.5,5.7,1024.0,24.1,16.7,2.0,2025-04-27 19:00:00,1,0,0,0,0,0,0,0,,,2025-04-27,,,,,,,,,,
Simferopol,1.1,4.17,0.0,23.0,30.2,9.0,7.0,45.79,0.0,0.0,0.0,7.9,15.0,1026.0,24.1,0.0,0.0,2025-04-27 20:00:00,1,0,0,0,0,0,0,0,,,2025-04-27,,,,,,,,,,
Simferopol,1.1,4.17,0.0,23.0,30.2,9.0,5.4,52.29,0.0,0.0,0.0,5.4,65.3,1027.0,24.1,0.0,0.0,2025-04-27 21:00:00,1,0,0,0,0,0,0,0,,,2025-04-27,,,,,,,,,,
Simferopol,1.1,4.17,0.0,23.0,30.2,9.0,3.9,60.27,0.0,0.0,0.0,5.4,122.1,1028.0,24.1,0.0,0.0,2025-04-27 22:00:00,1,0,0,0,0,0,0,0,,,2025-04-27,,,,,,,,,,
Simferopol,1.1,4.17,0.0,23.0,30.2,9.0,2.4,69.55,0.0,0.0,0.0,5.8,133.4,1028.0,24.1,0.0,0.0,2025-04-27 23:00:00,1,0,0,0,0,0,0,0,,,2025-04-27,,,,,,,,,,
